,title,published_date,views,month
0,"1,000 Blind People See For The First Time",2023-01-28T21:00:00Z,57051669,Jan
1,I Survived 50 Hours In Antarctica,2022-12-24T20:59:59Z,87957730,Dec
2,Hydraulic Press Vs Lamborghini,2022-12-10T21:00:01Z,103599881,Dec
3,Would You Fly To Paris For A Baguette?,2022-12-08T20:12:27Z,510325470,Dec
4,"100 Kids Vs 100 Adults For $500,000",2022-12-03T21:00:00Z,105816219,Dec
5,Gordon Ramsay Tries Most Expensive Chocolate Bar!,2022-11-19T20:59:59Z,119753100,Nov
6,"Last To Take Hand Off Jet, Keeps It!",2022-11-12T21:00:00Z,88358370,Nov
7,Giving iPhones Instead Of Candy on Halloween,2022-11-02T21:00:01Z,428874296,Nov
8,"$1 vs $1,000,000 Hotel Room!",2022-10-22T21:00:00Z,152936027,Oct
9,"The Rock Vs MrBeast For $100,000",2022-10-21T20:00:06Z,212192026,Oct
10,"Survive 100 Days In Circle, Win $500,000",2022-09-24T19:59:59Z,125739133,Sep
11,I Hunted 100 People!,2022-09-03T19:59:59Z,72894742,Sep
12,I Survived A Plane Crash,2022-08-20T20:00:00Z,86049349,Aug
13,"I Gave My 100,000,000th Subscriber An Island",2022-08-04T19:59:59Z,109281570,Aug
14,"100 Girls Vs 100 Boys For $500,000",2022-07-23T20:00:09Z,118668512,Jul
15,I Didn’t Eat Food For 30 Days,2022-07-02T20:00:02Z,68115023,Jul
16,I Built Willy Wonka's Chocolate Factory!,2022-06-04T20:00:02Z,156351071,Jun
17,"$10,000 Every Day You Survive Prison",2022-04-09T20:00:00Z,140138553,Apr
18,"Would You Swim With Sharks For $100,000?",2022-03-19T20:02:32Z,116147404,Mar
19,World’s Most Dangerous Escape Room!,2022-01-29T21:00:01Z,168504550,Jan
20,"Extreme $1,000,000 Hide And Seek",2021-12-18T21:00:00Z,82364416,Dec
21,"$1,000,000 Influencer Tournament!",2021-12-16T21:00:00Z,66740759,Dec
22,I Got Hunted By The Military,2021-12-10T21:30:02Z,127716549,Dec
23,"$456,000 Squid Game In Real Life!",2021-11-24T21:00:01Z,354890791,Nov
24,I Cleaned The World’s Dirtiest Beach #TeamSeas,2021-10-29T19:59:43Z,85348121,Oct
25,"Last To Take Hand Off Lamborghini, Keeps It",2021-10-23T20:00:01Z,126004781,Oct
26,"First To Rob Bank Wins $100,000",2021-09-26T20:00:06Z,112135377,Sep
27,"Extreme $500,000 Game Of Tag!",2021-09-04T20:00:07Z,108323245,Sep
28,"Last To Leave Circle Wins $500,000",2021-08-31T20:01:03Z,256062971,Aug
29,I Got Hunted By The FBI,2021-08-07T23:00:03Z,136913954,Aug
30,"If You Can Carry $1,000,000 You Keep It!",2021-07-24T20:00:59Z,120287787,Jul
31,"Would YOU Quit School For $100,000?",2021-07-10T20:00:09Z,105208429,Jul
32,I Survived 50 Hours In A Maximum Security Prison,2021-06-26T20:00:02Z,156193020,Jun
33,"Hit The Target, Win $300,000",2021-06-12T20:00:01Z,124489201,Jun
34,Anything You Can Fit In The Triangle I’ll Pay For,2021-06-01T20:00:02Z,122582930,Jun
35,I Got Hunted By A Real Bounty Hunter,2021-04-24T20:00:00Z,133135981,Apr
36,"Extreme $100,000 Game of Tag!",2021-04-17T20:00:00Z,144484953,Apr
37,"Would You Sit In Snakes For $10,000?",2021-04-10T21:00:07Z,196308382,Apr
38,"I Bought The World's Largest Mystery Box! ($500,000)",2021-04-03T20:00:01Z,165347616,Apr
39,I Spent 50 Hours Buried Alive,2021-03-27T20:00:04Z,234014078,Mar
40,"Offering People $100,000 To Quit Their Job",2021-03-13T21:00:02Z,105121749,Mar
41,I Sold My House For $1,2021-03-06T21:00:02Z,117134766,Mar
42,"If You Press This, I’ll Pay...",2021-02-13T21:00:01Z,49815583,Feb
43,"I Ate $100,000 Golden Ice Cream",2021-01-22T21:00:03Z,165943720,Jan
44,I Bought Everything In 5 Stores,2021-01-09T21:01:25Z,118380073,Jan
45,"Youtube Rewind 2020, Thank God It's Over",2021-01-01T21:00:03Z,66059170,Jan
46,"I Put 1,000,000,000 Christmas Lights On A House (World Record)",2020-12-23T21:00:06Z,80625696,Dec
47,I Opened A Restaurant That Pays You To Eat At It,2020-12-19T22:00:03Z,138365325,Dec
48,"I Gave People $1,000,000 But ONLY 1 Minute To Spend It!",2020-12-15T21:00:11Z,139100224,Dec
49,"Steal This $100,000 Diamond, You Keep It",2020-11-28T21:00:04Z,149600029,Nov
50,"Press This Button To Win $100,000!",2020-11-14T21:00:02Z,221060745,Nov
51,I Survived 24 Hours Straight In Ice,2020-10-29T20:17:44Z,119601660,Oct
52,I Uber’d People And Let Them Keep The Car,2020-10-24T20:00:01Z,93216793,Oct
53,"$300,000 Influencer Trivia Tournament!",2020-10-18T00:19:57Z,57885422,Oct
54,I Filled My Brother’s House With Slime & Bought Him A New One,2020-10-10T20:00:31Z,143856629,Oct
55,Hi Me In 5 Years,2020-10-04T20:00:54Z,85598247,Oct
56,"Would You Rather Have A Giant Diamond or $100,000?",2020-09-26T20:40:02Z,112471973,Sep
57,"I Gave My 40,000,000th Subscriber 40 Cars",2020-09-19T20:00:02Z,116242714,Sep
58,Why I Haven’t Been Uploading,2020-09-17T20:00:05Z,45541787,Sep
59,"Get This Random Person 1,000,000 Subscribers",2020-09-05T20:00:17Z,61808948,Sep
60,Would YOU Rather Have A Lamborghini or This House?,2020-08-22T20:00:01Z,163600022,Aug
61,"Last To Leave $800,000 Island Keeps It",2020-08-15T20:00:02Z,184728684,Aug
62,I Bought A Private Island,2020-08-13T20:00:07Z,111373155,Aug
63,"I Spent $1,000,000 On Lottery Tickets and WON",2020-08-08T20:00:02Z,95588893,Aug
64,I Ate The World’s Largest Slice Of Pizza,2020-08-01T20:00:02Z,162525220,Aug
65,I Adopted EVERY Dog In A Dog Shelter,2020-07-23T20:00:11Z,161230719,Jul
66,"I Bought The World's Largest Firework ($600,000)",2020-07-03T21:00:20Z,166386701,Jul
67,I Broke Into A House,2020-06-25T20:00:00Z,106400280,Jun
68,"Would You Rather Have $100,000 OR This Mystery Key?",2020-06-13T20:00:01Z,155915376,Jun
69,I Built The World's Largest Lego Tower,2020-06-06T20:00:01Z,121135579,Jun
70,I Spent 50 Hours In Solitary Confinement,2020-05-30T20:10:08Z,238985048,May
71,If You Click This Video I'll Give My Friend .001$,2020-05-23T21:01:02Z,165061636,May
72,"I Gave $200,000 To People Who Lost Their Jobs (Corona Virus)",2020-05-07T19:59:59Z,40865359,May
73,Videos I Could Not Upload...,2020-04-30T20:00:08Z,106744000,Apr
74,"$250,000 Influencer Rock, Paper, Scissors Tournament",2020-04-26T01:36:25Z,46046165,Apr
75,I Spent 24 Hours In A Doomsday Bunker,2020-04-11T20:00:00Z,143384194,Apr
76,"Giving $1,000,000 Of Food To People In Need",2020-03-27T20:00:05Z,42138473,Mar
77,I Ran A Marathon In The World's Largest Shoes,2020-03-21T20:00:02Z,105224166,Mar
78,"$70,000 Extreme Hide And Seek - Challenge",2020-03-13T20:00:04Z,103420121,Mar
79,Anything You Can Fit In The Circle I’ll Pay For,2020-03-07T21:00:00Z,202286867,Mar
80,"I Ate A $70,000 Golden Pizza",2020-02-29T21:00:22Z,185406341,Feb
81,"Lamborghini Race, Winner Keeps Lamborghini",2020-02-08T21:00:02Z,102076650,Feb
82,I Gave My Credit Card To Random People,2020-02-01T21:00:01Z,138356239,Feb
83,I Went Back To Boy Scouts For A Day,2020-01-25T21:00:01Z,96690250,Jan
84,"$60,000 Extreme Hide And Seek - Challenge",2020-01-17T21:00:01Z,119256411,Jan
85,"How I Gained 15,000,000 Subscribers In 1 Year",2020-01-03T21:10:01Z,18092160,Jan
86,Important Youtube Announcement (please watch),2019-12-28T21:00:06Z,34531943,Dec
87,"Giving 10,000 Presents To Kids For Christmas",2019-12-23T21:00:04Z,57907332,Dec
88,"Spending $1,000,000 In 24 Hours",2019-12-21T21:00:01Z,138915880,Dec
89,"Last To Take Hand Off $1,000,000 Keeps It",2019-12-19T21:00:12Z,109653072,Dec
90,"Last To Stop Riding Bike Wins $1,000,000 (Part 4)",2019-12-14T20:59:57Z,52833620,Dec
91,"Last To Leave Toilet Wins $1,000,000 (Part 3)",2019-12-07T21:11:07Z,74586642,Dec
92,I Ordered Pizza And Tipped The House,2019-12-05T21:00:02Z,108601993,Dec
93,"Last to Stop Swinging Wins $1,000,000 (Part 2)",2019-11-30T21:00:03Z,91215296,Nov
94,"$50,000 Game Of Extreme Hide And Seek - Challenge",2019-11-28T21:00:01Z,119922507,Nov
95,I Opened A FREE BANK,2019-11-23T21:00:17Z,89968963,Nov
96,"Going Around A Ferris Wheel 1,000 Times Straight",2019-11-16T21:00:47Z,83579508,Nov
97,"Last To Fall Wins $1,000,000 (Part 1)",2019-11-14T21:00:31Z,122229695,Nov
98,Surviving 24 Hours Straight In The Bermuda Triangle,2019-11-09T21:00:55Z,163303416,Nov
99,"I Spent $100,000 On Lottery Tickets And Won!",2019-10-31T20:00:02Z,46565775,Oct
100,"Planting 20,000,000 Trees, My Biggest Project Ever!",2019-10-25T19:01:01Z,84118401,Oct
101,"Last To Take Hand Off Boat, Keeps It",2019-10-19T20:06:01Z,99750699,Oct
102,"I Searched 100 Dumpsters, Here's What I Found",2019-10-12T20:10:01Z,133158601,Oct
103,"Going Through The Same Drive Thru 1,000 Times",2019-10-05T20:00:08Z,193083335,Oct
104,"Donating $100,000 To Random Streamers",2019-09-28T20:29:58Z,51894164,Sep
105,Surviving 24 Hours Straight In A Rain Forest,2019-09-21T21:00:00Z,98606848,Sep
106,"Last To Leave Ramen Noodle Pool Wins $20,000",2019-09-13T20:00:05Z,59849219,Sep
107,"Anything You Can Carry, I'll Pay For #2",2019-09-06T20:00:00Z,59635173,Sep
108,"I Gave My Brother 24 Hours To Spend $100,000",2019-08-31T20:00:01Z,71343790,Aug
109,I Opened A Free Car Dealership,2019-08-29T20:00:00Z,111280329,Aug
110,"Last To Leave Pool Of $20,000 Keeps It",2019-08-24T20:00:01Z,138228919,Aug
111,Surviving 24 Hours On A Deserted Island,2019-08-22T20:00:07Z,142252379,Aug
112,"Last To Leave Roller Coaster Wins $20,000 - Challenge",2019-08-17T20:00:00Z,115331180,Aug
113,I Won Every Prize At A Theme Park,2019-08-15T19:59:59Z,132497021,Aug
114,Destroying My Friend's Car And Surprising Him With A New One,2019-08-10T20:00:00Z,90315855,Aug
115,I Spent 24 Hours Straight At Area 51,2019-08-02T21:00:01Z,117045968,Aug
116,"Can 50,000 Magnets Catch A Cannon Ball?",2019-07-20T20:00:02Z,76443461,Jul
117,World's Largest Game Of Dodgeball,2019-07-12T20:05:00Z,65570041,Jul
118,"Last To Leave Revolving Door Wins $50,000",2019-07-02T20:00:01Z,125919563,Jul
119,Tipping Waitresses With Real Gold Bars,2019-06-21T20:00:01Z,62170526,Jun
120,I Opened The World's First FREE Store,2019-06-15T20:00:00Z,72183723,Jun
121,Spending 24 Hours On Top Of A Mountain,2019-06-13T20:00:01Z,141433341,Jun
122,"Last To Leave VR Wins $20,000",2019-06-08T20:00:01Z,113082485,Jun
123,"Last To Stop Running Wins $20,000",2019-06-06T20:00:00Z,94611019,Jun
124,"Paying People $10,000 To Eat Ghost Pepper",2019-06-01T20:05:01Z,39068538,Jun
125,24 Hours In The Most Haunted Place On Earth,2019-05-30T20:07:01Z,76640788,May
126,I Bought Everything In A Store - Challenge,2019-05-18T20:05:02Z,123521724,May
127,World's Largest Bowl Of Cereal,2019-05-15T21:05:01Z,114810404,May
128,Spending 24 Hours In A City With No Laws,2019-05-07T21:00:01Z,121387732,May
129,"Giving $10,000 To Random People And Saying Nothing",2019-04-30T20:00:06Z,63212831,Apr
130,Molten Lava Vs Giant Ice Block Experiment,2019-04-27T20:00:02Z,77968382,Apr
131,"Anything You Can Carry, I'll Pay For Challenge",2019-04-20T20:00:03Z,80247909,Apr
132,Homeless Man Buys A Lamborghini,2019-04-18T20:05:00Z,118358745,Apr
133,Playing Battleship With Real Ships,2019-04-06T20:05:58Z,34973629,Apr
134,"Donating $100,000 To Shroud In Real Life",2019-04-04T21:05:59Z,31569065,Apr
135,"Last To Leave The Tesla, Keeps It Challenge",2019-03-29T21:05:00Z,88120068,Mar
136,"Donating $100,000 To Streamers With 0 Viewers",2019-03-24T20:00:04Z,70920595,Mar
137,Surviving 24 Hours Straight In A Desert,2019-03-16T20:05:00Z,107052889,Mar
138,"$200,000 Youtuber Battle Royale",2019-03-12T22:00:00Z,47071186,Mar
139,Surprising Strangers With 100 Zombies - Experiment,2019-03-03T22:04:59Z,57186690,Mar
140,I Gave A Homeless Man A Home,2019-02-28T22:06:00Z,71253180,Feb
141,Standing Still For 24 Hours Straight - Statue Challenge,2019-02-22T22:05:59Z,74143670,Feb
142,Giant Monopoly Game With Real Money,2019-02-15T22:05:00Z,81658241,Feb
143,I Spent 24 Hours Straight In Insane Asylum,2019-02-10T21:05:00Z,103628614,Feb
144,I Advertised Pewdiepie At The Super Bowl,2019-02-04T22:00:01Z,41893818,Feb
145,I Went Back To 1st Grade For A Day,2019-01-31T22:05:00Z,144884902,Jan
146,I Opened The World’s Cheapest Store,2019-01-26T21:05:00Z,40608938,Jan
147,I Put 10 Million Legos in Friend's House,2019-01-18T22:04:59Z,60729429,Jan
148,Make This Video The Most Liked Video On Youtube,2019-01-16T22:05:01Z,113166001,Jan
149,"20,000 Magnets Vs A Car",2019-01-14T22:05:00Z,31801922,Jan
150,"Eating A $10,000 Golden Steak (24k Gold)",2019-01-11T22:05:00Z,112275988,Jan
151,Last To Take Hand Off House Keeps It!,2019-01-08T21:05:00Z,67531823,Jan
152,"I Gave Him One Hour To Spend $100,000!",2019-01-01T21:05:01Z,68864387,Jan
153,"How I Gave Away $1,000,000",2018-12-25T21:05:01Z,14260019,Dec
154,"Giving $100,000 To A Homeless Person",2018-12-23T21:00:01Z,30699250,Dec
155,I Spent 24 Hours Straight In Prison - Challenge,2018-12-19T21:05:02Z,96260866,Dec
156,Donating $10000 To Pewdiepie,2018-12-16T21:05:02Z,46033701,Dec
157,"Last Youtuber To Leave Wins $100,000 - Challenge",2018-12-12T21:00:02Z,80199448,Dec
158,I Put Millions Of Pennies In My Friends Backyard,2018-12-08T21:05:02Z,105351313,Dec
159,Surprising TFue With A Fortnite Battle Bus In Real Life,2018-12-07T22:11:00Z,97607941,Dec
160,I Built A Giant House Using Only Legos,2018-12-02T20:05:01Z,62616107,Dec
161,"Last To Leave Slime Pit Wins $20,000 - Challenge",2018-11-30T21:11:01Z,97905168,Nov
162,"Saying Pewdiepie 100,000 Times",2018-11-25T21:07:01Z,24867664,Nov
163,Destroyed Friend's House And Bought Him A New One,2018-11-24T21:06:01Z,41936876,Nov
164,I Put 100 Million Orbeez In My Friend's Backyard,2018-11-22T21:08:01Z,177939687,Nov
165,"Spending $40,000 In One Hour Challenge",2018-11-17T21:06:02Z,43403125,Nov
166,"Giving My 10,000,000th Subscriber 10,000,000 ___",2018-11-13T21:05:04Z,25490948,Nov
167,"$10,000 Games Of Rock Paper Scissors",2018-11-04T21:05:02Z,18066960,Nov
168,"Last To Remove Hand, Gets Lamborghini Challenge",2018-11-02T20:05:01Z,74910933,Nov
169,"You Pick The Right Cup, You Win $100,000!",2018-10-28T20:06:01Z,35726067,Oct
170,I Bought Every Billboard In My City For This,2018-10-26T21:06:02Z,38026481,Oct
171,"Ordering Water Then Tipping $30,000",2018-10-23T20:11:02Z,42653444,Oct
172,"I Spent $50,000 On Lottery Tickets And Won ____",2018-10-19T21:05:02Z,30691949,Oct
173,"Last To Leave Circle Wins $10,000 - Challenge",2018-10-12T22:05:04Z,82107590,Oct
174,I Spent 24 Hours Straight In Slime,2018-10-09T20:05:02Z,40330340,Oct
175,"Surprising Tfue With $10,000 Live - Fortnite",2018-10-04T20:07:01Z,70105528,Oct
176,"I Spent $30,000 On Lottery Tickets And Won ____",2018-09-28T21:05:00Z,16885316,Sep
177,Flat Earth PROVEN By Independent Research,2018-09-22T20:05:01Z,27084181,Sep
178,Things That SHOULDN'T Be Sold On Amazon,2018-09-21T22:06:01Z,103684493,Sep
179,"Surprising My 8,000,000th Subscriber With 8,000,000 ___",2018-09-19T20:05:01Z,27369596,Sep
180,"I Donated $25,000 To Random Kids Streaming Fortnite",2018-09-14T20:09:01Z,62293832,Sep
181,I Hope This Magic Trick Works,2018-09-11T21:13:59Z,42235893,Sep
182,Can A Glowing 1000 Degree Sword Slice A Car In Half?,2018-09-06T21:09:00Z,67101311,Sep
183,Rocket League In Real Life!,2018-09-01T21:08:58Z,27913114,Sep
184,Destroying My Friend's Car And Surprising Him With A New One - Slime,2018-08-28T22:08:59Z,94456910,Aug
185,Spending 24 Hours Straight Under Water Challenge,2018-08-24T22:09:00Z,108152545,Aug
186,"Attempting The Impossible Maze - $10,000 Challenge",2018-08-15T21:08:59Z,54950970,Aug
187,"Donating $100,000 To A Random Fortnite Streamer",2018-08-05T22:00:00Z,51241786,Aug
188,Moving 10 Pounds Using ONLY Sound,2018-08-02T21:09:00Z,43933531,Aug
189,Returning Destroyed Rental Cars Prank,2018-07-27T21:09:00Z,35553077,Jul
190,"I Gave My 6,000,000th Subscriber 6,000,000 ____",2018-07-25T21:11:00Z,17379397,Jul
191,"Can 1,000 Fans At Max Speed Push A Car?",2018-07-17T21:41:02Z,27319163,Jul
192,"I Donated $50,000 To Ninja - Fortnite",2018-07-14T21:06:00Z,95102472,Jul
193,I Ubered Random People In A Tank,2018-07-11T21:16:00Z,29244932,Jul
194,World's Hottest Substance Vs Coldest Substance,2018-06-30T21:09:00Z,85156339,Jun
195,The Real Way Dinosaurs Went Extinct,2018-06-28T21:12:01Z,26753421,Jun
196,I Donated $1000 Every Time She Blinked - Fortnite Streamers,2018-06-24T21:10:00Z,21122294,Jun
197,I Built A Working Car Using Only LEGOS,2018-06-23T21:09:58Z,71776387,Jun
198,Do Water Repellent Shoes Actually Work?,2018-06-22T22:11:00Z,106464742,Jun
199,"We Drove 3,000 Miles For The World's Best Burger",2018-06-09T21:13:59Z,51409727,Jun
200,"I Gave My 5,000,000th Subscriber 5,000,000 ______",2018-06-08T22:36:59Z,11100040,Jun
201,I Made Money Grow On Trees,2018-06-01T22:09:00Z,16970412,Jun
202,I Took Apart My Friends Car And Put It In His Room,2018-05-25T22:41:59Z,15472175,May
203,How Many Rubber Bands Does It Take To Snap A Safe?,2018-05-22T22:14:01Z,36280696,May
204,Pulling Cars Over Using A Toy Police Car,2018-05-13T21:10:01Z,24174719,May
205,"I Gave $500,000 To Random People",2018-05-11T22:40:59Z,14592545,May
206,How Many Toy Cars Does It Take To Pull A Real Car?,2018-05-04T22:08:58Z,39856665,May
207,"I Gave $20,000 To People From An Ice Cream Truck",2018-05-02T22:11:00Z,14526855,May
208,$10000 Ice Sculpture Vs Flame,2018-05-01T22:09:00Z,23132301,May
209,"Can 1,000 Rolls Of Duct Tape Stop A Car??",2018-04-30T22:09:00Z,26254366,Apr
210,Winning A Game Of Fortnite In The Middle Of The Ocean,2018-04-25T22:09:02Z,30861618,Apr
211,I Flew Using Only Balloons AND Leaf Blowers,2018-04-23T22:09:02Z,32084704,Apr
212,"I Donated $40,000 To A Random Twitch Fortnite Streamer (world record)",2018-04-21T21:07:02Z,23946268,Apr
213,Destroying My Friend's Car And Surprising Him With A New One,2018-04-13T22:21:00Z,38144869,Apr
214,Walking Up To Random People With 100 StormTroopers,2018-04-11T22:09:01Z,18719459,Apr
215,"I Donated $10,000 If They Said This Word (Twitch Streamers)",2018-04-04T22:19:00Z,19868115,Apr
216,"Giving My 4,000,000th Subscriber 4,000,000 Cookies",2018-04-02T22:09:01Z,13065028,Apr
217,"I Tipped Waitresses $20,000",2018-03-30T21:09:03Z,14470259,Mar
218,Walking Into Random Stores With 100 Dinosaurs,2018-03-22T22:43:02Z,31875955,Mar
219,I Built A Mansion Using Only Cardboard Boxes,2018-03-20T22:50:00Z,25121099,Mar
220,Breaking Glass Using Only Megaphones,2018-03-17T22:22:47Z,53266477,Mar
221,Tying My Shoes In Every State (World Record),2018-03-16T22:09:02Z,17500411,Mar
222,"I Dropped $20,000 From A Drone",2018-03-08T00:13:02Z,7672494,Mar
223,"Donating $10,000 To Fortnite Streamers If They Win",2018-03-03T23:21:02Z,11268577,Mar
224,Trying To Fly Using Only Leaf Blowers,2018-03-01T23:09:03Z,18156357,Mar
225,"Giving 3,000,000 Pennies To My 3,000,000th Subscriber",2018-02-22T23:14:03Z,8631163,Feb
226,"I Donated $30,000 To My Favorite Twitch Streamer (ninja)",2018-02-21T23:19:01Z,36556559,Feb
227,"I Gave $20,000 To Random Homeless People",2018-02-17T00:40:00Z,46897231,Feb
228,I Bought An Expensive Car Using Only $1 Bills,2018-02-13T23:10:01Z,36825663,Feb
229,I Bought The World's Most Expensive Apps ($10k),2018-02-08T23:35:00Z,26785865,Feb
230,We Delivered 100 Pizzas To Random Houses,2018-02-02T23:12:01Z,9053898,Feb
231,"I Donated $30,000 To A Random Twitch Streamer (world record)",2018-01-28T00:11:02Z,32565817,Jan
232,I Bought A Car Using Only Pennies,2018-01-25T23:10:03Z,26229549,Jan
233,I Bought One Snickers Bar From Every Walmart,2018-01-13T23:15:01Z,43705796,Jan
234,Donating Big Donations To Twitch Streamers!!!,2018-01-11T22:37:00Z,27408394,Jan
235,How Many Balloons Does It Take To Float?,2017-12-30T22:19:15Z,25614438,Dec
236,"Can 10,000 Condoms Stop A Bullet?",2017-12-28T23:10:01Z,12937103,Dec
237,I Can't Believe I Found This Stuff On Amazon..,2017-12-22T23:19:10Z,30249378,Dec
238,"Saying ""Keep Net Neutrality"" For 10 Hours",2017-12-17T20:37:34Z,2064039,Dec
239,I Cant Believe What Was In This Abandoned Storage Unit..,2017-12-16T23:09:01Z,24295049,Dec
240,What Can You Cut With Paper?,2017-12-14T22:30:02Z,28474947,Dec
241,Life Hacks You Need To Know,2017-12-08T22:49:10Z,7244869,Dec
242,"Can 100,000 Pieces Of Paper Stop A Bullet?",2017-12-06T22:46:59Z,25767663,Dec
243,"Giving My Mom $100,000 (Proudest Day Of My Life)",2017-12-02T21:10:08Z,30020125,Dec
244,I Bought An Abandoned Storage Unit And Found This..,2017-12-01T23:44:58Z,34891605,Dec
245,"2,256 Miles In One Uber Ride (World Record)",2017-10-28T22:30:00Z,41481290,Oct
246,i'm really sorry,2017-10-26T21:30:00Z,5538441,Oct
247,Hi Me In Two Years (Made Two Years Ago),2017-10-04T21:30:00Z,13371463,Oct
248,What Actually Happens When You Click On Spam Ads,2017-10-01T21:01:05Z,3763168,Oct
249,"Tipping Uber Drivers $10,000",2017-08-30T22:40:02Z,4554244,Aug
250,Going To The Connor McGregor fight!,2017-08-28T20:31:04Z,5982799,Aug
251,"Tipping Pizza Delivery Guys $10,000",2017-08-23T21:44:24Z,21941761,Aug
252,"Microwaving my iPhone, what happens next might shock you..",2017-08-20T19:37:51Z,2671838,Aug
253,"Saying Logan Paul 100,000 Times",2017-08-19T14:00:58Z,21964862,Aug
254,"Donating $10,000 To Random Twitch Streamers",2017-08-15T19:20:09Z,10727349,Aug
255,Breaking The Law,2017-07-09T21:20:50Z,31171907,Jul
256,"Giving Homeless People $1,000 (Not Clickbait)",2017-06-28T22:00:02Z,6384120,Jun
257,We Are Better Than Dude Perfect,2017-06-24T18:40:12Z,25208727,Jun
258,Every Challenge I've Ever Done,2017-06-23T18:31:22Z,828154,Jun
259,Watching It's Everyday Bro For 10 Hours Straight,2017-06-17T21:06:02Z,27300384,Jun
260,"Giving A Random Homeless Man $10,000",2017-06-15T23:10:02Z,10453379,Jun
261,Toothpaste Life Hacks YOU SHOULD KNOW,2017-06-13T22:30:01Z,19659033,Jun
262,"Reading The Longest English Word (190,000 Characters)",2017-06-02T22:00:01Z,33849046,Jun
263,Fidget Spinner Vs Face (Legit Had To Get Stitches),2017-05-02T23:30:00Z,39417480,May
264,Grilling A Microwave Microwaving A Microwave Microwaving A Toaster Toasting An Iphone Watching Micro,2017-03-30T22:10:41Z,1946940,Mar
265,#1 MOST INSANE MAGNET LIFE HACK EVER,2017-03-24T21:40:17Z,26125881,Mar
266,Watching Dance Till You're Dead For 10 Hours,2017-03-21T22:40:12Z,51231896,Mar
267,I Can't Break My Strange Addiction,2017-03-19T21:45:07Z,1777908,Mar
268,OMG! INSANE CUP FORT,2017-03-14T22:40:01Z,4052014,Mar
269,Savage Level 9000,2017-03-08T23:10:06Z,7155469,Mar
270,Reading The Youtube Terms Of Service,2017-03-07T23:10:02Z,489468,Mar
271,Reacting To The Reaction Of The Reaction To The Reaction Of The Reaction Of The Reaction To The Reac,2017-02-22T00:00:04Z,7568521,Feb
272,"Counting To 200,000 (Road To A Mil)",2017-02-18T00:00:03Z,3604166,Feb
273,Microwaving Dry Ice (Microwave Explodes),2017-02-09T22:29:35Z,3269854,Feb
274,"I Counted To 100,000!",2017-01-09T00:00:39Z,27201780,Jan
275,we are number one but every one is a bad intro,2016-12-25T00:00:00Z,1932793,Dec
276,Microwaving A Microwave Microwaving A Toaster,2016-12-23T00:00:04Z,4809491,Dec
277,HOW TO UNLOCK ANY IPHONE WITHOUT THE PASSCODE,2016-12-21T02:00:00Z,22827775,Dec
278,WHY DO THEY SELL THIS ON AMAZON?,2016-12-18T02:00:04Z,8602829,Dec
279,Microwaving A Microwave,2016-12-09T02:45:18Z,11140777,Dec
280,IF YOU ONLY SEE ORANGE YOU'RE COLOR BLIND,2016-12-05T02:21:43Z,1750607,Dec
281,I Mailed Myself IN A BOX & it REALLY WORKED! (Human Mail Challenge),2016-11-30T02:31:18Z,15971025,Nov
282,STUPIDEST PERSN ON EART (Really Dumb),2016-11-28T00:01:52Z,2480679,Nov
283,"Reading The Entire Bee Movie Script But Everytime They Say ""Bee"" I Repeat All the Previous Bees",2016-11-25T01:43:37Z,10657152,Nov
284,THE WORST THINGS EVER TO EXIST,2016-11-19T00:40:47Z,3678105,Nov
285,BLOWING UP $1000 KEYBOARD *RIP WALLET*,2016-11-11T23:02:10Z,3817966,Nov
286,MY $1000 KEYBOARD CHANGED MY LIFE,2016-11-03T21:32:53Z,13338878,Nov
287,I BOUGHT A 1000$ KEYBOARD,2016-10-25T21:06:50Z,1520832,Oct
288,IF ONLINE ADS WERE REAL,2016-10-16T20:30:00Z,9805869,Oct
289,IT FINALLY CAME IN THE MAIL,2016-10-10T21:05:39Z,256773,Oct
290,Bleach Bottle Flips (COP CALLED),2016-10-09T20:06:23Z,1183739,Oct
291,Hi Me In A Year (Scheduled Uploaded A Year Ago),2016-10-04T21:00:01Z,1363863,Oct
292,Epic New Gaming And Youtube Setup 2016,2016-09-30T22:32:04Z,353590,Sep
293,24 HOUR EXPLOSION GIVEAWAY! WIN GIFTCARDS,2016-09-05T22:31:58Z,629265,Sep
294,LISTENING TO OLD VOICEMAILS FOR THE FIRST TIME,2016-08-28T21:00:01Z,276977,Aug
295,GAMBLING MONEY WITH SCRATCH OFF TICKETS,2016-08-26T22:30:01Z,2987216,Aug
296,BEST WALMART TOILET PAPER FORT,2016-08-24T21:00:01Z,1431211,Aug
297,100 LAYERS OF SARAN WRAP + TOILET PAPER!!,2016-08-23T21:01:56Z,3172404,Aug
298,WORST REVIEWS ON AMAZON #4 *FUNNY*,2016-08-21T21:17:07Z,1633495,Aug
299,HOW MUCH MONEY DO YOUTUBERS MAKE?,2016-08-14T20:20:03Z,3039336,Aug
300,THE WORST SONG ON YOUTUBE *CRINGE*,2016-08-08T20:00:02Z,777881,Aug
301,SURPRISING MY BROTHER WITH A LAPTOP,2016-08-07T19:35:12Z,1593192,Aug
302,"SELLING ORGANS FOR $1,000,000",2016-08-02T20:02:21Z,3515592,Aug
303,POKEMON GO STEREOTYPES,2016-07-14T17:36:53Z,2169518,Jul
304,"100,000 SUBSCRIBERS.EXE",2016-07-08T20:00:00Z,995965,Jul
305,WORST REVIEWS ON AMAZON #2 HOW IS THIS LEGAL?,2016-07-02T20:30:01Z,1158171,Jul
306,BLOWING UP MY TABLET,2016-07-01T20:30:01Z,142597,Jul
307,Worst Reviews On Amazon #1 (Minecraft Edition),2016-06-26T21:24:27Z,693786,Jun
308,WORST THUMBNAILS ON YOUTUBE #3,2016-06-21T20:01:20Z,776163,Jun
309,REACTING TO MY OLD MINECRAFT VIDEOS (HORRIBLE),2016-06-19T20:36:36Z,1278943,Jun
310,HOW TO MAKE A GOOD INTRO FOR YOUTUBE,2016-06-14T20:51:19Z,162248,Jun
311,WORST BANNERS ON YOUTUBE #1,2016-06-13T21:13:33Z,628026,Jun
312,"50,000 Subscribers.exe",2016-06-11T21:01:16Z,311055,Jun
313,Dude Perfect 4.0 - We Are Totally Better,2016-06-06T21:01:41Z,391597,Jun
314,CUTTING TABLE IN HALF WITH PLASTIC KNIVES,2016-06-04T20:31:28Z,3623004,Jun
315,BEST INTROS ON YOUTUBE #1,2016-06-01T20:42:11Z,26750051,Jun
316,Motivation For Youtubers #6 LAST ONE,2016-05-24T15:00:01Z,106596,May
317,How Many Licks Does It Take To Get To The Center Of A Tootsie Pop?,2016-05-19T21:00:01Z,348513,May
318,Motivation For Youtubers #5,2016-05-15T21:00:01Z,132350,May
319,18th Birthday QNA - Mom's Hair Dryer Age?,2016-05-07T21:00:00Z,299993,May
320,WORST MEMES AND TRENDS ON YOUTUBE!,2016-05-01T21:00:00Z,608613,May
321,Cereal Commentary,2016-04-28T00:36:58Z,98925,Apr
322,WHERE IS MY COOKIE?????,2016-04-24T21:31:29Z,70939,Apr
323,"How Much Money Do Big Youtubers Make? (Pewdiepie, Markiplier, etc)",2016-04-22T21:02:56Z,81741,Apr
324,Struggles Of Being A Youtuber,2016-04-19T21:30:01Z,87663,Apr
325,Reenacting Youtubers,2016-04-16T21:32:25Z,131209,Apr
326,Life Before And After Gamma (Insane) @GFuelEnergy,2016-04-13T23:08:34Z,30143,Apr
327,Worst Thumbnails On Youtube #2 - Cringe,2016-04-10T22:00:00Z,256973,Apr
328,Motivation For Small Youtubers #4 - Inspiration For Youtubers,2016-04-08T00:11:29Z,103226,Apr
329,Scheduled Uploaded 6 Months Ago (REACTION),2016-04-06T21:02:02Z,105871,Apr
330,Dude Perfect 3.0 - We Are Better,2016-04-04T21:30:00Z,644336,Apr
331,Dear Future Me (Scheduled Uploaded 6 Months Ago),2016-04-04T19:30:01Z,1913968,Apr
332,$100 GIVEAWAY PRANK (NO WEAPONS INVOLVED),2016-04-03T21:00:00Z,41824,Apr
333,GIVING AWAY $100 ITUNES GIFT CARDS,2016-04-01T20:45:18Z,84470,Apr
334,Walking Dead Daryl DIED (Fan Reaction To Death),2016-03-28T02:10:15Z,109841,Mar
335,Why Do Youtubers Ask For Likes?,2016-03-27T21:50:19Z,148716,Mar
336,Making My Background More Epic,2016-03-26T21:00:00Z,34433,Mar
337,Doing Youtube For Fun Or Views?,2016-03-23T23:51:29Z,35108,Mar
338,Pranks That Went Horribly Wrong,2016-03-19T21:00:00Z,2011859,Mar
339,Who Founded Faze? Who Created Faze Clan?,2016-03-18T00:23:07Z,1993291,Mar
340,Subscriber Goals For 2017,2016-03-09T23:35:32Z,53808,Mar
341,"20,000",2016-03-08T00:35:01Z,115494,Mar
342,The Dreaded Unanswerable Question,2016-02-29T23:56:41Z,76648,Feb
343,WORST THUMBNAILS ON YOUTUBE,2016-02-28T20:48:25Z,523771,Feb
344,Beast Goes Camping (Didn't Go Wrong) (Didn't Go Sexual),2016-02-20T23:07:55Z,99604,Feb
345,NBA Interviews Gone Wrong (No Gun Pulled),2016-02-20T14:56:51Z,39949,Feb
346,Movie Trailers Be Like,2016-02-15T18:31:34Z,71332,Feb
347,What Is Youtube Red? Should I Buy Youtube Red?,2016-02-10T23:42:47Z,74109,Feb
348,Things I Hate #2 - Youtube Edition,2016-02-09T01:26:28Z,138401,Feb
349,Super Bowl Commercial 2016 Cost - How Much Does A Commercial Cost In 2016 Super Bowl?,2016-02-07T18:20:40Z,63577,Feb
350,Counting To 10000 In One Sitting,2016-02-01T00:27:55Z,56271607,Feb
351,HOW TO MAKE A VIRAL PRANK VIDEO 100% LEGIT,2016-01-26T21:38:09Z,104916,Jan
352,Is Obama Dead? Dumb Google Searches!,2016-01-24T00:21:47Z,207555,Jan
353,How To Be MrBeast (Made By Really Old Subscriber),2016-01-23T19:46:56Z,51457,Jan
354,Should You Play Video Games?,2016-01-22T17:04:58Z,65272,Jan
355,School Is A Waste Of Time,2016-01-21T22:45:37Z,104278,Jan
356,Is Michael Bay My Dad????????,2016-01-18T21:46:21Z,55764,Jan
357,Lottery Taxes - How Much Tax Is If You Win The Lottery,2016-01-16T19:25:35Z,110077,Jan
358,Motivation For Small Youtubers #3,2016-01-12T00:57:36Z,135475,Jan
359,Giving Away Two $15 Gift Cards (forgive me boyz),2016-01-10T23:32:03Z,33916,Jan
360,Do Dislikes Matter On Youtube - Are Dislikes Bad Or Good?,2016-01-07T22:19:01Z,347279,Jan
361,How To Get Active Subscribers On Youtube? Tips 2016,2016-01-05T22:05:42Z,62018,Jan
362,Reaction Channels Are Stupid??????? #JCTG,2016-01-05T01:49:06Z,46303,Jan
363,Goodbye Laptop,2016-01-01T23:49:09Z,128392,Jan
364,2015 Year Highlights,2015-12-30T20:18:43Z,41421,Dec
365,MrBeast Rest In Pepperoni 6000,2015-12-27T20:15:59Z,196654,Dec
366,How To Think Of Good Video Ideas (Tips),2015-12-26T17:38:52Z,86356,Dec
367,"15,000 Subscribers Speedart!",2015-12-25T20:45:45Z,66393,Dec
368,Whats That Song Name?,2015-12-24T17:01:11Z,174114,Dec
369,The Anti-Beast (R.I.P. Beast),2015-12-23T23:51:22Z,428851,Dec
370,"Reacting To Family Accounts (MamaBeast, MrBeast'sLaptop, Etc)",2015-12-22T22:30:23Z,907653,Dec
371,Do Youtubers Pay Taxes????? (USA),2015-12-19T19:21:52Z,81834,Dec
372,Why Does This Video Have No Thumbnail?,2015-12-15T01:43:00Z,61033,Dec
373,How To Make Illuminati Confirmed Videos Like Peladophobian,2015-12-12T17:56:59Z,165412,Dec
374,Totally 100% Real Epic Ping Pong Trickshots,2015-12-11T22:00:01Z,54570,Dec
375,Exams Be Like,2015-12-10T00:15:18Z,211076,Dec
376,How Many People Have A Silver Play Button????,2015-12-08T22:22:47Z,178643,Dec
377,How To Get More Views And Subscribers On Youtube (2016),2015-12-03T21:00:00Z,50672,Dec
378,Should You Do COD Commentaries In 2016????,2015-12-02T23:51:26Z,35380,Dec
379,THINGS I HATE #1,2015-12-02T01:20:16Z,339538,Dec
380,Worst MrBeast6000 Intros?? (Fan Made!),2015-11-30T21:38:00Z,452148,Nov
381,Dear Razer Can I Have My 70$ Back?????,2015-11-29T21:10:16Z,7510075,Nov
382,"How Many People Get The Golden Play Button? (1,000,000 Subscribers)",2015-11-28T00:45:38Z,93332,Nov
383,"Spam404 Has Terminated 5,000,000 Videos (Including Pewdiepie)",2015-11-26T17:36:51Z,91839,Nov
384,MrBeast6000's First Video (So Bad lol),2015-11-19T21:29:40Z,12963854,Nov
385,The Evolution Of My Youtube Banners,2015-11-18T21:16:57Z,49456,Nov
386,"Shark Tank Most Successful Products, Entrepreneurs, Or Businesses 2015",2015-11-08T19:33:42Z,131276,Nov
387,PSYCHO FRIEND SMASHES MY LAPTOP! (Mc Juggernuggets Parody),2015-11-06T00:07:37Z,202747,Nov
388,FREE TO USE BO3 GAMEPLAY - 1080p,2015-11-03T01:58:07Z,39561,Nov
389,Double Agent (Short Film),2015-11-01T14:33:38Z,97962,Nov
390,YOU ONLY DO YOUTUBE FOR VIEWS,2015-10-29T21:12:15Z,48080,Oct
391,"10,000 QNA With MUM",2015-10-29T00:21:29Z,230799,Oct
392,Why I Stopped Playing Video Games - Video Game Commentary,2015-10-25T21:20:24Z,44048,Oct
393,Beast's Room Tour,2015-10-24T15:47:07Z,215294,Oct
394,YOUTUBE RED STEALS CONTENT CREATORS MONEY? What Is Youtube Red?,2015-10-21T23:13:36Z,34253,Oct
395,Millions Of Views!,2015-10-18T23:15:40Z,412426,Oct
396,"How To Get 1,000 Subscribers On Youtube - Vlogs Gaming",2015-10-15T20:12:22Z,66055,Oct
397,High School Education Be Like (Paying Taxes),2015-10-14T21:10:31Z,34008,Oct
398,I Got Bored Of Studying So This Happened,2015-10-13T01:15:19Z,348119,Oct
399,Best Microphone For Youtube (Gaming Commentaries Vocals Singing Podcast),2015-10-11T18:56:01Z,32555,Oct
400,9k Subs - Channel Talk,2015-10-10T17:20:05Z,69298,Oct
401,How Much Money Does Bill Gates Make / Have - Billionaire,2015-10-09T22:27:01Z,77070,Oct
402,MrBeast6000's Channel Trailer,2015-10-08T20:00:00Z,1529185,Oct
403,Best Non-Copyrighted Songs For Videos! (Intros Vlogs Gaming Trailers) 2016,2015-10-05T22:41:22Z,61568,Oct
404,Is Being A Youtuber Hard? Is Being A Youtuber Worth It?,2015-10-04T20:35:42Z,65994,Oct
405,Best Green Screen Lighting Ever? (Joking Obviously),2015-10-03T21:06:46Z,215863,Oct
406,How Do Youtubers Make Money? How Do Youtubers Get Paid?,2015-09-29T23:16:50Z,65905,Sep
407,Increase Youtube Views 2015! COMMUNITY CHANNELS - Boosting Youtube Views,2015-09-27T21:04:03Z,28015,Sep
408,Originality - A Youtube Poem By MrBeast6000,2015-09-26T23:04:34Z,31123,Sep
409,Stupid Things People Search On Google,2015-09-25T22:57:49Z,1348739,Sep
410,"Ad Blocker For Chrome and Mobile, Should You Use It?",2015-09-23T23:54:06Z,68845,Sep
411,PC Master Race Vs Console Peasants,2015-09-21T23:40:01Z,38087,Sep
412,Shia Labeouf Motivates Youtubers!,2015-09-19T22:53:26Z,164548,Sep
413,Knives In Video Games Cost More Than Real Life????,2015-09-18T23:57:02Z,40809,Sep
414,"Why I Sold My PS4, Not A Gaming Channel???",2015-09-18T00:21:53Z,37192,Sep
415,Selling PS4 For $250 + Elgato For $100!,2015-09-16T22:26:34Z,32253,Sep
416,Do Tags Do Anything On Youtube?????,2015-09-13T20:48:10Z,79675,Sep
417,Bronze And Platinum Play Buttons?????,2015-09-13T00:23:55Z,626012,Sep
418,7k SUBS! Smashing Ghost + AW! Plus Channel Talk!,2015-09-09T21:48:18Z,50034,Sep
419,Exility vs Dr.Pineapplez - Misleading Contest!,2015-09-08T22:06:36Z,38650,Sep
420,6 Uses For Your Advanced Warfare Disk!,2015-09-07T20:40:56Z,26593,Sep
421,MrBeast’s Outro Song,2015-09-05T20:15:02Z,8045295,Sep
422,Watching Video Games Is A Waste Of Time????,2015-09-05T16:14:19Z,26746,Sep
423,"Pewdiepie's Shoutout, What Would You Do If You Won?",2015-09-05T00:49:25Z,34887,Sep
424,How I Will Survive The Zombie Apocalypse!,2015-08-31T22:11:06Z,196068,Aug
425,How Much Money Do Youtubers Make? Real Numbers!,2015-08-30T21:37:55Z,191159,Aug
426,HONEST Shout Out Sunday! Free Subscribers!,2015-08-30T18:06:45Z,26587,Aug
427,Social Media As A Job????,2015-08-29T18:20:31Z,27047,Aug
428,Airplane Pilots Last Words Before Death,2015-08-28T21:56:21Z,96375,Aug
429,How Much Do T.V. Commercials Cost?????,2015-08-28T01:40:10Z,27610,Aug
430,How To Tweet When You're Dead! DEADSOCIAL Facebook And Instagram Also!,2015-08-27T10:00:01Z,26584,Aug
431,My Favorite FaZe Clan Members?????,2015-08-26T10:00:00Z,34728,Aug
432,MrBeast6000Subs,2015-08-23T11:00:00Z,342426,Aug
433,"Youtube Networking - Aka Fake Likes, Subs, And Comments",2015-08-21T20:04:55Z,27958,Aug
434,I Hate Youtubers That Ask For Likes,2015-08-20T19:13:03Z,135176,Aug
435,My Mom Found My Channel!! :0,2015-08-20T01:44:22Z,630644,Aug
436,1080p FREE TO USE BLACK OPS 3 GAMEPLAY,2015-08-19T21:35:16Z,54272,Aug
437,"Black Ops 3 First Impressions, My First Game",2015-08-19T02:44:52Z,26735,Aug
438,Dogs Opinions On Youtubers Getting BO3 Early,2015-08-18T20:55:37Z,52436,Aug
439,BO3,2015-08-18T17:07:49Z,541161,Aug
440,Xbox One Destroyer? COD Advertisement Is Free,2015-08-18T01:08:14Z,27003,Aug
441,What Is Yanet Actually Thinking?????,2015-08-17T01:24:47Z,105731,Aug
442,Modern Art Is A Joke,2015-08-15T10:00:01Z,41717,Aug
443,5 Steps To Becoming Successful On Youtube!,2015-08-14T10:00:03Z,49555,Aug
444,Time,2015-08-13T10:00:00Z,49587,Aug
445,Beast $500ish Youtube PC Great For Making Videos!,2015-08-12T10:00:00Z,49618,Aug
446,"5,000 Hype",2015-08-11T10:00:00Z,93939,Aug
447,What Is Crohns Disease?????,2015-08-10T10:00:01Z,162289,Aug
448,Leaving For 7 Days,2015-08-09T14:26:58Z,33782,Aug
449,Motivation For Youtube - Ultimate Small Youtuber Motivation #2,2015-08-08T22:15:43Z,107699,Aug
450,Should I Buy An Elgato Game Capture??,2015-08-07T10:00:00Z,26567,Aug
451,Fanboy Opinions On Black Ops 3,2015-08-06T00:58:47Z,26607,Aug
452,Big Channel's Starting Over???,2015-08-05T10:00:02Z,26995,Aug
453,SAT And Some Random Stuff,2015-08-04T22:14:13Z,29013,Aug
454,How Many Youtubers Are Millionaires???,2015-08-04T00:18:58Z,63737,Aug
455,Always Changing My Name? Mr.Beast or MrBeast6000,2015-08-03T10:00:03Z,132030,Aug
456,How Much Youtube Money Do I Make???,2015-08-03T02:19:22Z,339112,Aug
457,Am I Ian From Smosh????,2015-08-02T19:09:03Z,497573,Aug
458,How Do You Turn Off A PS4? Xbox Noob In Need Of Help,2015-08-01T21:51:25Z,65516,Aug
459,"New Optic Gaming Gear Coming To Advanced Warfare, My Thoughts",2015-08-01T16:47:55Z,26682,Aug
460,Youtube Collabs? Collabbing with Mr.Beast?,2015-08-01T10:00:01Z,62944,Aug
461,Sacrifices And Youtube,2015-07-31T18:03:32Z,26772,Jul
462,5$ To Advertise Your Youtube Channel???,2015-07-31T00:13:08Z,106080,Jul
463,Reuploading Other Youtubers Videos? Stealing Big Youtubers Videos.,2015-07-30T18:23:18Z,32103,Jul
464,4k Subscriber's! First Channel Story!,2015-07-30T01:56:38Z,65338,Jul
465,People Who Got Rich From Movie Trailers On Youtube,2015-07-29T19:00:00Z,66422,Jul
466,Beast Gaming Set Up #almost4k,2015-07-29T15:31:24Z,55350,Jul
467,Advanced Warfare DLC 4 Honest Parody,2015-07-29T00:37:21Z,27201,Jul
468,World's Worst Thieves,2015-07-28T17:17:48Z,58700,Jul
469,VANOSSGAMING IS IN TROUBLE,2015-07-27T22:13:05Z,209335,Jul
470,SpiderMan Robs Walmart?????,2015-07-26T19:21:24Z,26677,Jul
471,My Upload For ThunderstruckGaming,2015-07-25T22:35:54Z,27021,Jul
472,Best FNAF 4 Fake Reactions! So Funny lol,2015-07-25T16:38:00Z,63871,Jul
473,How Many People Get The Diamond Play Button?????,2015-07-25T10:00:03Z,1739128,Jul
474,Supply Drops For Charity! Ep #2,2015-07-24T10:00:00Z,26648,Jul
475,Best Thing To Happen To This Channel?????,2015-07-23T10:00:00Z,26958,Jul
476,Supply Drop Challenge For Charity,2015-07-22T17:59:43Z,26751,Jul
477,FaZe Clan Vs Pewdiepie Who Would Win?????,2015-07-21T18:51:04Z,38322,Jul
478,"FaZe Adapt ""Stuttertage""",2015-07-20T17:49:03Z,79614,Jul
479,The COD Community? Sleeping With Your Mom?,2015-07-19T17:37:51Z,27163,Jul
480,Exility And Some Other Stuff - Update Vid,2015-07-18T18:02:27Z,43009,Jul
481,Every Minecraft Let's Play Ever In Under A Minute,2015-07-16T22:00:01Z,79233,Jul
482,Why I deleted Today's First Upload,2015-07-16T17:03:16Z,40741,Jul
483,What Is Spam404?????,2015-07-15T15:05:18Z,33483,Jul
484,The History Of Pewdiepie In 2 Minutes,2015-07-14T10:00:01Z,171375,Jul
485,TWITCH STREAMERS REACT TO RECEIVING THOUSANDS FROM SAME GUY!,2015-07-13T10:00:01Z,194351,Jul
486,I Hate Spam On Youtube,2015-07-12T19:08:52Z,26613,Jul
487,INSANE TRIPLE LEGENDARY SUPPLY DROP! BEST OPENING YET?,2015-07-11T20:08:50Z,39602,Jul
488,Low Bridge Causes Dozen's Of Wrecks! 11-8 Bridge,2015-07-10T21:56:20Z,26596,Jul
489,3k HYPE,2015-07-10T18:05:46Z,91263,Jul
490,How To Become A Gaming Youtuber! All You Need To Know!,2015-07-08T22:00:01Z,26825,Jul
491,My Solution For The Theft At The FaZe House - @FaZe_Rain @FaZeAdapt,2015-07-08T10:00:00Z,26580,Jul
492,5 Popular Channels That Were Terminated,2015-07-07T22:00:00Z,124084,Jul
493,What Is Youtube Terms Of Service?????,2015-07-07T10:00:00Z,33176,Jul
494,Do You Think You Will Be Famous?????,2015-07-06T22:00:01Z,84396,Jul
495,What Is Swatting? Why I hate It!,2015-07-05T18:08:37Z,67031,Jul
496,Reddit Is In Chaos After Firing Victoria,2015-07-03T20:11:21Z,29261,Jul
497,Paid Promotion On Youtube Good?,2015-07-03T19:26:09Z,33386,Jul
498,How To Gain Youtube Success,2015-07-02T17:10:49Z,51883,Jul
499,FaZe Members Reaction's To Joining Faze,2015-07-01T19:56:45Z,547881,Jul
500,Battle of The Beasts Round 2 Winners!,2015-07-01T04:02:27Z,26826,Jul
501,Youtube In 10 Years?????,2015-06-30T16:31:29Z,109190,Jun
502,The Ultimate Motivation For Small Youtubers,2015-06-29T17:27:21Z,210041,Jun
503,How Much Does Pewdiepie Make?,2015-06-28T22:41:05Z,116653,Jun
504,Random Stuff You Don't Care About,2015-06-27T23:32:54Z,26833,Jun
505,Battle Of The Beast Round 1 Winners!,2015-06-23T19:49:57Z,26673,Jun
506,The Truth About Big Community Channels,2015-06-22T16:32:02Z,27087,Jun
507,WORLD'S FIRST BLACK OPS 3 GUN SYNC!!,2015-06-22T01:19:49Z,40448,Jun
508,Insane Gun Sync - 7 Hours To Make,2015-06-21T12:22:34Z,27324,Jun
509,Battle of The Beasts Bracket!!!! (Not accepting anymore),2015-06-20T03:32:30Z,26615,Jun
510,Free To Use Advanced Warfare Gameplay! 2015,2015-06-19T14:07:22Z,27147,Jun
511,Battle Of The Beast Tournament UPDATE!,2015-06-18T23:25:47Z,26566,Jun
512,My Top 5 Favorite Things At E3 2015,2015-06-18T17:18:38Z,26846,Jun
513,Battle Of The Beasts (youtubers needed),2015-06-17T20:58:19Z,27097,Jun
514,History Of COD Part 2! Black Ops 1 - History Of COD On Youtube!,2015-06-13T21:34:28Z,27434,Jun
515,How Did Notch Become A Billionaire? How Much Did Minecraft Sell For?????,2015-06-12T17:47:14Z,63687,Jun
516,Top 10 Richest Gaming Youtubers?????,2015-06-11T16:42:11Z,116129,Jun
517,Markiplier Is A Great Man! Sub shodleech!,2015-06-09T02:56:28Z,110529,Jun
518,Insane Advanced Warfare Hacker!,2015-06-07T22:58:31Z,26977,Jun
519,"What Is Considered A ""Bad Video"" On Youtube????? #karnageRC",2015-06-07T21:38:42Z,37072,Jun
520,I Think I Am Going For The #KarnageRC,2015-06-05T15:21:50Z,26586,Jun
521,Every FaZe Video Ever #karnageRC,2015-06-04T19:09:17Z,28594,Jun
522,How Much Money Do You Make As An Uber Driver??????,2015-05-31T18:31:25Z,26638,May
523,How Much Does Faze Rain's Giveaway Cost??????,2015-05-30T21:27:08Z,27234,May
524,MY MESSAGE TO COD YOUTUBERS (Watch till end plz),2015-05-29T20:07:48Z,28419,May
525,Best Of FlipArtz - His Best Advanced Supply Drops EVER!,2015-05-29T17:06:25Z,46937,May
526,Summer Is Finally Here!,2015-05-28T21:46:37Z,26704,May
527,Why Are Things Unbalanced In Video Games?????,2015-05-28T20:36:06Z,40871,May
528,New Channel?,2015-05-23T22:59:21Z,99882,May
529,"Youtube ""Freinds""",2015-05-23T01:28:10Z,51007,May
530,"Youtube Stat News - Vevo Gets 10 Bil. Views A Month, Channel Milestones, and more!",2015-05-21T00:31:22Z,26580,May
531,Big Changes??? Idk just watch the stupid video,2015-05-18T21:29:43Z,26892,May
532,How Much Money Does DramaAlert Make????,2015-05-15T23:53:16Z,27025,May
533,L0114R - Biblical Creeper Post for Post @L0114R,2015-05-15T16:48:54Z,26638,May
534,Why Do We Do Things That Are Bad For Us?????,2015-05-14T23:52:57Z,26809,May
535,How To Monetize Your Videos And Make Lots Of Youtube Money!!$$$,2015-05-10T20:59:50Z,27050,May
536,DIY $23.00 Mini Sound Booth? Does It Work?,2015-05-09T19:47:51Z,85799,May
537,Cut Coms vs Uncut Coms,2015-05-09T06:53:13Z,27393,May
538,Minimum Wage,2015-05-07T23:27:32Z,39669,May
539,My New Channel Trailer ;),2015-05-07T01:27:48Z,38318,May
540,Why I Changed My Channel Name,2015-05-03T23:59:54Z,89076,May
541,How Overpriced Is Movie Popcorn?????,2015-05-03T18:39:15Z,27461,May
542,Screw Warface,2015-05-02T21:41:18Z,27894,May
543,My Problems,2015-05-01T02:23:50Z,42679,May
544,Ma Channel,2015-04-29T23:50:00Z,28088,Apr
545,Remember When COD Was Fun?,2015-04-26T21:26:36Z,26837,Apr
546,My Baby Got a Virus :(,2015-04-25T22:34:19Z,49397,Apr
547,Modern Art Is A Joke,2015-04-25T15:02:30Z,30516,Apr
548,Cheat Channels,2015-04-24T01:53:38Z,27384,Apr
549,Time,2015-04-22T21:33:54Z,47144,Apr
550,"2,000 Subscribers",2015-04-18T18:45:34Z,186424,Apr
551,Youtube,2015-04-14T22:39:24Z,51435,Apr
552,"How To SAT, Get Into Yale",2015-04-13T11:08:02Z,29423,Apr
553,100k Subs With No Videos????,2015-04-11T16:51:40Z,410356,Apr
554,Is Jacksepticeye A Millionaire?????? 2016,2015-04-09T23:07:38Z,119162,Apr
555,How Rich Is Buzz Feed???,2015-04-07T11:16:50Z,34113,Apr
556,How To Do A High School or College Paper!,2015-04-06T11:42:14Z,48939,Apr
557,What is Crohn's Disease?????,2015-04-04T20:31:25Z,416635,Apr
558,What Happens If You Get A Copy Right Strike??,2015-04-03T19:45:11Z,145966,Apr
559,5 Steps To Becoming Successful On Youtube,2015-04-02T23:10:02Z,86118,Apr
560,Making Youtube a Priority,2015-04-01T23:58:35Z,35297,Apr
561,Why I Was Not Uploading,2015-03-21T22:11:51Z,32737,Mar
562,Youtubers Analytic's Explained,2015-03-06T01:07:06Z,32954,Mar
563,How Much $$$ Does Every Member of FaZe Make COMBINED????? 2016,2015-03-05T02:07:01Z,88591,Mar
564,Is Pewdiepie The #2 Youtuber?!?!?  :0,2015-03-04T01:53:50Z,49765,Mar
565,How Much Money Does Smosh Make????? 2016,2015-03-03T01:14:27Z,43005,Mar
566,Who Are The Worst Youtubers?????,2015-03-01T12:00:00Z,142402,Mar
567,Subscriber Goals For 2016,2015-02-28T17:12:07Z,32544,Feb
568,How Many People Do Youtube as a JOB?????,2015-02-26T02:07:13Z,26588,Feb
569,How Much Money Does Syndicate Project Make????? 2016,2015-02-24T20:26:12Z,42582,Feb
570,Are Youtubers Millionaires?,2015-02-22T19:45:00Z,97524,Feb
571,Magecraft - Epic Hit! 11k Troops killed.,2015-02-21T15:41:14Z,26680,Feb
572,Highest Paid Musicians????,2015-02-17T21:38:06Z,58957,Feb
573,Making Fun Of Youtuber's Intros.,2015-02-16T19:45:42Z,280333,Feb
574,10 Things You DIDN'T Know About Youtube!,2015-02-08T00:04:06Z,37841,Feb
575,Quitting?,2015-02-06T22:27:38Z,87937,Feb
576,How Much Money Does Markiplier Make????? 2016,2015-01-04T20:59:46Z,72404,Jan
577,PewDiePie Uploads A Fake Video! LOL,2015-01-01T18:56:04Z,46602,Jan
578,Pewdiepie Was On T.V.,2014-12-07T17:51:08Z,95762,Dec
579,Five Facts You Didn't Know About Youtube.,2014-12-01T22:00:05Z,49864,Dec
580,Milestones And Plans For My Channel,2014-11-30T18:21:44Z,40860,Nov
581,How Much Money Did Gangnam Style Earn??? 2016,2014-11-26T22:53:11Z,58734,Nov
582,Best League Player In The Universe.,2014-11-23T17:37:28Z,294069,Nov
583,MageCraft - Beginners tutorial. (The app),2014-11-17T02:25:46Z,29104,Nov
584,How much money does VanossGaming Make? 2016,2014-11-02T16:06:08Z,176312,Nov
585,Opening Old Basketball Cards! Ep. #1 (Michael Jordan Found),2014-10-21T02:19:05Z,90952,Oct
586,20 Best Websites?????,2014-08-29T22:45:20Z,81100,Aug
587,"How Much Money Does ""Chris Smooth"" Make?????",2014-08-21T22:46:35Z,37171,Aug
588,Money Problems,2014-08-20T17:40:18Z,146791,Aug
589,Vanoss vs Speedy! Who is better? Updated.,2014-08-20T01:57:30Z,30304,Aug
590,Welcome To My Channel!,2014-08-18T00:01:52Z,49421,Aug
591,1500,2014-08-08T18:58:18Z,170578,Aug
592,How Much Money Does Yogscast Make????? 2016,2014-07-13T18:37:22Z,31318,Jul
593,How Much Does WhiteBoy7thSt Make????? 2016,2014-07-11T21:52:50Z,144185,Jul
594,"How Much Does ""Epic Rap Battles"" Make?????",2014-07-10T23:05:51Z,27216,Jul
595,How Much Money Does FaZe Make?????,2014-07-09T21:15:15Z,26651,Jul
596,"Top Youtube ""ShoutOuts""",2014-07-09T00:07:05Z,27099,Jul
597,Youtube Dream,2014-07-08T00:17:34Z,47796,Jul
598,In Dis Video I Play Minecraft. (Factions),2014-07-05T15:57:13Z,34992,Jul
599,Youtube Grind,2014-06-28T21:06:46Z,60489,Jun
600,Hacker in Ghost???? I Couldn't Kill Him.,2014-06-22T00:27:19Z,27051,Jun
601,How Much Money Does Tmartn Make?????,2014-06-21T18:43:51Z,27305,Jun
602,How Much Money Does FaZe Rain Make?????,2014-06-18T14:00:09Z,44962,Jun
603,G2g Brb,2014-06-16T14:00:07Z,26638,Jun
604,Crazy Nub Tub Reactions! Bo2 Fun!,2014-06-13T22:44:22Z,26620,Jun
605,Fun In COD. - Insane Reactions Lol,2014-06-10T19:01:43Z,26634,Jun
606,Minecraft Build-off Fun!!!!!,2014-06-09T12:00:07Z,43674,Jun
607,This Kid Should Quit COD....,2014-06-02T21:37:07Z,50805,Jun
608,Computer vs Console My Perspective.,2014-06-02T18:08:34Z,60244,Jun
609,5 Youtubers I Think Will Be Famous...,2014-05-31T21:06:55Z,150673,May
610,How Much Does PewDiePie Make????? 2016,2014-05-24T19:33:12Z,219572,May
611,I Got Really Really Really Bored....,2014-05-24T16:37:13Z,29609,May
612,How Much Money Does Penguinz0 Make????? 2016,2014-05-16T23:53:55Z,65790,May
613,How Much Money Does CaptainSparkles Make????? 2016,2014-05-15T20:36:54Z,318110,May
614,How Much Money Does Tobuscus Make?????,2014-05-14T23:06:58Z,36739,May
615,COD IS NOT DEAD,2014-05-08T02:19:42Z,44765,May
616,Storm,2014-04-30T20:31:15Z,136808,Apr
617,Hearthstone - All Beards Challenge!,2014-04-24T01:56:43Z,39891,Apr
618,Youtube ad.,2014-04-20T20:26:16Z,276951,Apr
619,Impossible,2014-04-20T01:45:45Z,47870,Apr
620,Motivation,2014-04-17T01:22:40Z,49274,Apr
621,1k Subs,2014-04-13T23:53:33Z,16774976,Apr
622,Yup I is the best at the game.,2014-04-05T13:00:05Z,148105,Apr
623,Should I join FaZe?????,2014-04-04T19:44:52Z,476263,Apr
624,"Youtube Networks Requirerments. (Machinima, TGN, 8byte....)",2014-04-01T16:37:55Z,53342,Apr
625,Two Years of Youtube.,2014-03-31T16:31:32Z,236833,Mar
626,"How Much Money Does ""Element Animation"" Make?????",2014-03-30T23:40:18Z,99491,Mar
627,"How Much Money Does ""Skydoesminecraft"" Make????",2014-03-30T01:52:06Z,42345,Mar
628,Should College Athletes Be Paid?????,2014-03-29T00:18:35Z,48455,Mar
629,"""Beast"" Channel Trailer",2014-03-28T21:01:57Z,40471,Mar
630,What It Takes To Be A Full Time Youtuber...,2014-03-27T19:00:05Z,31468,Mar
631,How Video Games Boosted My SAT Score. Lol,2014-03-26T23:59:45Z,35750,Mar
632,How Much Money Do I Make?????,2014-03-16T01:24:25Z,105649,Mar
633,Update,2014-03-13T00:19:29Z,34849,Mar
634,Subscribers.,2014-03-08T03:52:13Z,63941,Mar
635,How Much Money Does KyR's Speedy's Crew Make?????,2014-03-02T18:14:47Z,70089,Mar
636,How Many Youtubers Are Millionaries?????,2014-02-26T23:52:57Z,259919,Feb
637,"Flappy Bird - Builders Showdown, Which is Better?",2014-02-23T22:29:21Z,68786,Feb
638,New COD Zombies In 2014?????,2014-02-23T21:40:04Z,50803,Feb
639,Minecraft Mansion Timelapse,2014-02-22T23:51:15Z,550004,Feb
640,Top 5 NON-COPYRIGHTED Songs!!!!!,2014-02-17T20:30:02Z,79925,Feb
641,Vanoss vs Speedy! Which is better?,2014-02-16T20:13:22Z,84188,Feb
642,I Hate Pewdiepie!!!!!,2014-02-01T00:16:57Z,2769731,Feb
643,Does Spam Work?????,2014-01-20T23:41:17Z,242167,Jan
644,100th VIDEO SPECIAL!,2014-01-20T01:17:01Z,249710,Jan
645,The Vortex SMP Episode 1! Just Derping Around and Explaining Things.,2014-01-18T02:49:24Z,72351,Jan
646,Has Youtube Met Its Match?????,2014-01-12T01:25:53Z,51867,Jan
647,How Much Money Does Pewdiepie Make????? (Updated 2015),2014-01-11T20:31:34Z,990826,Jan
648,"Battle Pirates, my base.",2013-12-31T14:48:55Z,39412,Dec
649,"Battle Pirates, Hellstrike Base attack.",2013-12-29T22:22:57Z,34724,Dec
650,"Battle Pirates, Unstoppable Ship!",2013-12-29T21:05:08Z,29250,Dec
651,Best Hellstrike Build???? (Battle Pirates),2013-12-29T17:10:57Z,29199,Dec
652,"Marauder Builds, Battle Pirates In Depth Builds.",2013-12-29T16:20:05Z,29243,Dec
653,"Battle pirates, How To Auto Lvl 40 Salvages.",2013-12-29T00:32:15Z,31501,Dec
654,Hellstrikes vs 7 halos!,2013-12-27T00:27:31Z,40707,Dec
655,"Battle Pirates, Hellstrike vs Epic Base!",2013-12-24T00:00:20Z,34749,Dec
656,"Battle Pirates, Another Hellstrike Fail.",2013-12-18T23:47:57Z,34243,Dec
657,Battle pirates Hellstrike fail!,2013-12-18T22:31:02Z,34801,Dec
658,"Battle Pirates, lvl 66 vs Missile Cruiser x Fleet!",2013-12-17T18:56:41Z,36941,Dec
659,"Battle Pirates, Hellstrike Too Overpowered????",2013-12-14T15:58:11Z,36247,Dec
660,"Battle Pirates, All Sentinel Base.",2013-12-05T02:24:33Z,37989,Dec
661,"Battle pirates, Lvl 58 Mercury Base Attack!",2013-12-05T01:06:00Z,53288,Dec
662,"Battle Pirates, Stingray vs Mercury Epic Battle!",2013-12-05T00:00:24Z,37362,Dec
663,OpTiC NaDeShOt Got Hack!!,2013-11-27T19:37:44Z,44591,Nov
664,"Epic Ghost Multiplayer EasterEggs! (PrisonBreak, Sovereign, and Flooded)",2013-11-17T18:26:11Z,56740,Nov
665,Why Google Does Not Care What We Think....,2013-11-17T01:40:48Z,238184,Nov
666,My First Kem Strike!,2013-11-16T19:48:55Z,45580,Nov
667,Google+ The Death Of Youtube?????,2013-11-13T22:09:21Z,80942,Nov
668,How Much Money Does PewDiePie Make?????,2013-11-12T03:18:18Z,511328,Nov
669,Most Overpowered Guns In Ghost!,2013-11-11T20:11:15Z,63264,Nov
670,Are Minecraft Faction Has A New Pet! (poopymiscquidlepants),2013-10-31T20:44:54Z,62421,Oct
671,Battle Pirates!,2013-09-21T22:18:59Z,57637,Sep
672,How To Duplicate Diamonds!!!!,2013-09-15T01:09:42Z,111349,Sep
673,50k Video Views!!!! EpicSauce!,2013-09-08T22:20:48Z,173038,Sep
674,If This Video Gets One Million Views.....,2013-09-07T02:28:05Z,10841733,Sep
675,These Were The Good Days....,2013-09-05T02:14:46Z,91590,Sep
676,Channel Update.,2013-08-16T20:34:58Z,93306,Aug
677,Funny Noob Tubing Reaction Montage!,2013-08-16T03:04:45Z,69899,Aug
678,"Minecraft, How To Grief Without Being Seen!",2013-08-14T21:39:31Z,110055,Aug
679,Buried Round 50 Gameplay! Black ops 2 Zombies.,2013-08-12T22:49:16Z,71461,Aug
680,Minecraft Let's Play Ep. # 2 - Having Fun and Derping!,2013-08-12T01:53:18Z,116993,Aug
681,Worlds Biggest Ball Of TNT Minecraft!  Challenge Video!,2013-08-09T23:45:05Z,392900,Aug
682,"How To Get A Gaming Partnership, And What It Is.",2013-08-08T21:25:32Z,50441,Aug
683,Camping Montage.... LOL,2013-08-05T21:12:41Z,57199,Aug
684,Black Ops 2! Mini Update Video.,2013-08-05T02:55:37Z,49054,Aug
685,Randomness,2013-08-02T22:16:42Z,49241,Aug
686,203 Kill Game! Thanks For 300 Subscribers!,2013-08-01T19:36:50Z,95136,Aug
687,Call of Duty Ghost Multiplier Reveal Trailer Release Date!,2013-07-30T20:51:42Z,58521,Jul
688,Insane Black Ops 2 HACKER!!!!,2013-07-30T02:45:21Z,138947,Jul
689,Top Subscribed To Channels? BO2 w/ commentary!,2013-07-28T20:50:09Z,63349,Jul
690,Career Ender ....  LOL,2013-07-28T17:13:58Z,83096,Jul
691,I Bought A New Microphone!  (quality test),2013-07-27T23:25:01Z,90525,Jul
692,Top 10 Worst Guns in Call Of Duty History!,2013-07-25T21:36:56Z,126843,Jul
693,Black ops 2 Patch news!,2013-07-24T20:35:32Z,71168,Jul
694,Black ops 2 Invisible equipment and scorestreak glitch!,2013-07-21T18:26:36Z,89296,Jul
695,I'm Back! Update Video....,2013-07-19T23:41:14Z,107134,Jul
696,Minecraft Let's Play! Ep. 1. The Beginning!,2013-07-08T20:03:41Z,489884,Jul
697,Channel Trailer....,2013-07-06T18:17:45Z,156963,Jul
698,Black ops 2 Shotgun gameplay w/ commentary....  Ps4 or Xbox?,2013-07-06T00:13:48Z,150066,Jul
699,Black ops 2 Gameplay w/ commentary. Hipsters,2013-07-03T17:48:10Z,201672,Jul
700,Project Zomboid Let's Play ep [04] lots of stuff,2013-06-18T15:51:26Z,70095,Jun
701,Project Zomboid Let's Play ep. [03] Looting and storing.,2013-06-17T02:17:34Z,70069,Jun
702,Project Zomboid let's play ep. [02] Just some chores.,2013-06-15T19:54:37Z,69331,Jun
703,Project Zomboid Lets Play ep [01] Roughing it out!,2013-06-15T00:03:38Z,116901,Jun
704,Gunpowder plus mod! (Grenade mod) Epic explosions for minecraft.,2013-04-21T18:04:39Z,115744,Apr
705,Horse racing map for new update! (minecraft),2013-04-21T16:37:08Z,115521,Apr
706,Amazing minecraft Cathedral!,2013-04-21T01:36:32Z,234077,Apr
707,Huge WW2 jeep! Minecraft creations.,2013-04-21T00:52:21Z,335506,Apr
708,Story time!,2013-04-18T01:54:48Z,317262,Apr
709,Epic Minecraft city! (w/ download link!),2013-04-11T01:00:01Z,198737,Apr
710,Pokemon online battle #9 [rb] Hidden power ice ftw!,2013-04-07T00:03:02Z,96609,Apr
711,Pokemon online battle #8 Stone edge,2013-04-05T01:21:12Z,90266,Apr
712,Online pokemon battle #7 [uu] 5-0,2013-04-04T01:43:46Z,119703,Apr
713,Magic karp sweeps whole team of LEGENDARIES!!!,2013-04-01T23:26:03Z,104821,Apr
714,Pokemon online battles #5 [uu] Heracross never seems to dissapoint me...,2013-03-31T20:49:28Z,98489,Mar
715,This is a detailed break down of my favorite UU team... ENJOY!,2013-03-29T23:14:45Z,104800,Mar
716,Pokemon online battle #4 [uu] Same old team,2013-03-28T17:22:43Z,118520,Mar
717,Online pokemon battle #3 [uu] Ice punch,2013-03-27T19:57:08Z,103986,Mar
718,Pokemon online battle #2 [uu] Herracross w/ Dat MOXIE BOOST,2013-03-26T16:58:32Z,153259,Mar
719,Why I Haven't Been Uploading,2013-03-25T20:10:38Z,493407,Mar
720,Most Epic Thing In Minecraft!?!?!?!?!?!!?????,2013-03-10T22:19:14Z,249856,Mar
721,Epic minecraft apartment complex!,2013-01-27T18:25:46Z,288864,Jan
722,Crazy Illulsions In Minecraft. (Bigre),2013-01-27T02:11:30Z,437758,Jan
723,Best Minecraft Castle Ever?,2013-01-27T01:52:40Z,217687,Jan
724,How to get unlimited diamonds! minecraft (x-ray),2013-01-26T19:34:43Z,328097,Jan
725,Drinks in minecraft (mod),2013-01-26T16:26:34Z,306944,Jan
726,Emerald tool mod! (minecraft),2013-01-23T22:34:58Z,300872,Jan
727,This is a block? Since when lol.,2013-01-21T22:30:09Z,489289,Jan
728,Scary minecraft pig skin!,2013-01-13T16:53:17Z,564228,Jan
729,Most Epic minecraft skin EVER  (Psy),2013-01-13T01:59:21Z,613143,Jan
730,More birds IN MINECRAFT!!,2013-01-12T23:35:45Z,726316,Jan
731,Boxy item mod Minecraft.  EPIC,2013-01-12T22:34:11Z,849195,Jan
732,Harry Potter Mod In Minecraft! EPIC MUST SEE MOD!!!,2012-03-09T23:29:03Z,2991267,Mar
733,Worst Minecraft Saw Trap Ever???,2012-02-20T22:42:32Z,14127469,Feb
734,Project Zomboid Let's Play ep [04] lots of stuff,2013-06-18T15:51:26Z,70095,Jun
735,Project Zomboid Let's Play ep. [03] Looting and storing.,2013-06-17T02:17:34Z,70069,Jun
736,Project Zomboid let's play ep. [02] Just some chores.,2013-06-15T19:54:37Z,69331,Jun
737,Project Zomboid Lets Play ep [01] Roughing it out!,2013-06-15T00:03:38Z,116901,Jun
738,Gunpowder plus mod! (Grenade mod) Epic explosions for minecraft.,2013-04-21T18:04:39Z,115744,Apr
739,Horse racing map for new update! (minecraft),2013-04-21T16:37:08Z,115521,Apr
740,Amazing minecraft Cathedral!,2013-04-21T01:36:32Z,234077,Apr
741,Huge WW2 jeep! Minecraft creations.,2013-04-21T00:52:21Z,335506,Apr
742,Story time!,2013-04-18T01:54:48Z,317262,Apr
743,Epic Minecraft city! (w/ download link!),2013-04-11T01:00:01Z,198737,Apr
744,Pokemon online battle #9 [rb] Hidden power ice ftw!,2013-04-07T00:03:02Z,96609,Apr
745,Pokemon online battle #8 Stone edge,2013-04-05T01:21:12Z,90266,Apr
746,Online pokemon battle #7 [uu] 5-0,2013-04-04T01:43:46Z,119703,Apr
747,Magic karp sweeps whole team of LEGENDARIES!!!,2013-04-01T23:26:03Z,104821,Apr
748,Pokemon online battles #5 [uu] Heracross never seems to dissapoint me...,2013-03-31T20:49:28Z,98489,Mar
749,This is a detailed break down of my favorite UU team... ENJOY!,2013-03-29T23:14:45Z,104800,Mar
750,Pokemon online battle #4 [uu] Same old team,2013-03-28T17:22:43Z,118520,Mar
751,Online pokemon battle #3 [uu] Ice punch,2013-03-27T19:57:08Z,103986,Mar
752,Pokemon online battle #2 [uu] Herracross w/ Dat MOXIE BOOST,2013-03-26T16:58:32Z,153259,Mar
753,Why I Haven't Been Uploading,2013-03-25T20:10:38Z,493407,Mar
754,Most Epic Thing In Minecraft!?!?!?!?!?!!?????,2013-03-10T22:19:14Z,249856,Mar
755,Epic minecraft apartment complex!,2013-01-27T18:25:46Z,288864,Jan
756,Crazy Illulsions In Minecraft. (Bigre),2013-01-27T02:11:30Z,437758,Jan
757,Best Minecraft Castle Ever?,2013-01-27T01:52:40Z,217687,Jan
758,How to get unlimited diamonds! minecraft (x-ray),2013-01-26T19:34:43Z,328097,Jan
759,Drinks in minecraft (mod),2013-01-26T16:26:34Z,306944,Jan
760,Emerald tool mod! (minecraft),2013-01-23T22:34:58Z,300872,Jan
761,This is a block? Since when lol.,2013-01-21T22:30:09Z,489289,Jan
762,Scary minecraft pig skin!,2013-01-13T16:53:17Z,564228,Jan
763,Most Epic minecraft skin EVER  (Psy),2013-01-13T01:59:21Z,613143,Jan
764,More birds IN MINECRAFT!!,2013-01-12T23:35:45Z,726316,Jan
765,Boxy item mod Minecraft.  EPIC,2013-01-12T22:34:11Z,849195,Jan
766,Harry Potter Mod In Minecraft! EPIC MUST SEE MOD!!!,2012-03-09T23:29:03Z,2991267,Mar
767,Worst Minecraft Saw Trap Ever???,2012-02-20T22:42:32Z,14127469,Feb
