,title,published_date,views,likes,month
0,| SAILUNG | Awesome Saturdays | Ride Vlog |,2023-01-28T01:15:00Z,55894,4865,Jan
1,| Made In Nepal Products | 2023,2023-01-27T01:15:00Z,74478,4241,Jan
2,| My Basic Saturday | Family VLog,2023-01-26T01:15:03Z,71808,4158,Jan
3,| Building a 6k Editing PC | 2023,2023-01-25T01:15:02Z,69968,4301,Jan
4,| Snow Ride Near Kathmandu | Helambu | Tarkeghyang |,2023-01-23T01:15:00Z,102233,5842,Jan
5,"Weekend with PUBG ft 4k Gaming ,  DRS, Random Nepali",2023-01-21T16:51:52Z,40981,2709,Jan
6,"Weekend with PUBG ft 4k Gaming ,  DRS, Random Nepali",2023-01-21T16:40:05Z,0,0,Jan
7,"Weekend with PUBG ft 4k Gaming ,  DRS, Random Nepali",2023-01-21T14:49:47Z,0,107,Jan
8,| Filming Random Strangers | ft newmew,2023-01-10T01:15:00Z,146804,7835,Jan
9,| Salam Walekum | last vlog from Qatar 22 |,2022-12-28T13:15:03Z,133519,5710,Dec
10,| World Cup Vlog | Qatar 22,2022-12-11T15:16:39Z,366198,17953,Dec
11,| ‡§≠‡§æ‡§∞‡§§ ‡§Æ‡•á‡§Ç ‡§≠‡•ç‡§≤‡§ó ‡§¨‡§®‡§æ‡§Ø‡§æ | india vlog 22,2022-12-10T13:33:06Z,166741,8665,Dec
12,| Post Chunab Ride | MONKEY TRAIL DOWNHILL üêíüêµ,2022-11-22T12:41:51Z,60118,2953,Nov
13,| Why NOT to VOTE NEW CANDIDATES |,2022-11-17T16:15:33Z,272107,29064,Nov
14,| KORA CYCLING 2022 |,2022-11-17T01:15:05Z,57195,3434,Nov
15,| GOT CAUGHT BY TRAFFIC POLICE |,2022-11-12T01:15:01Z,184492,8410,Nov
16,"| Nepal's First PUMP TRACK | ft Swtichback, Velosolutions, Raj Gyawali |",2022-11-11T01:15:04Z,82120,5366,Nov
17,| Pokhara Rangashala | Pokhara 22 | Day 6,2022-11-09T01:15:00Z,58128,3848,Nov
18,| BEHIND THE BOXING | national championship | Pokhara 22 | Day 5,2022-11-08T01:15:03Z,59105,4437,Nov
19,| JAGGA VLOG | Pokhara 22 | Day 4,2022-11-07T01:15:02Z,93830,4770,Nov
20,| BODY BUILDERS |  NATIONAL CHAMPIONSHIP | Pokhara 22 | day 3,2022-11-06T01:15:01Z,60971,3735,Nov
21,| NATIONAL DOWNHILL CHAMPIONSHIP | Pokhara 22 | DAY 2,2022-11-04T01:15:02Z,103872,6345,Nov
22,| GETTING STARTED | Pokhara '22 | Day 1,2022-11-03T01:15:00Z,114058,6847,Nov
23,| Tihar Memories | 2022,2022-11-01T01:15:01Z,176650,9301,Nov
24,| BACK AFTER 3 MONTHS !! |,2022-10-22T14:45:00Z,229811,14497,Oct
25,| BEST CYCLING TRAIL EVER!!!!!  | LAST DAY | AMSTERDAM 22,2022-07-16T01:15:01Z,147764,7926,Jul
26,| J COLE LIVE !! | AMSTERDAM 22 | coleworld |,2022-07-14T14:15:00Z,131767,8006,Jul
27,| The Most Random Trip Ever | Amsterdam 22 | DAY 1,2022-07-13T12:15:04Z,180364,9571,Jul
28,| Nepal.Food's TOP 5 | FOOD VLOG POKHARA | TVS Ntorq |,2022-07-12T14:57:38Z,125666,7242,Jul
29,Screwed up on STAGE!,2022-07-01T14:52:43Z,77197,4198,Jul
30,| International Khanchu Ma | Day 3 |  Chakku Ride |,2022-06-30T14:15:01Z,82346,5285,Jun
31,| ‡§ö‡§ø‡§§‡§µ‡§®‡§ï‡•ã ‡§Ö‡•Ö‡§æ‡§™ | Day 2 |  Chakku Ride |,2022-06-28T14:02:55Z,121933,7712,Jun
32,| BANNU ko BIHE |,2022-06-27T13:38:40Z,162109,11769,Jun
33,| Chakku Ride | day 1,2022-06-25T13:15:01Z,140623,8215,Jun
34,| Yestai Nai Hora ? | ft Phosphenes,2022-06-24T01:15:02Z,106274,5688,Jun
35,| Made in Nepal Baucha |,2022-06-23T01:15:02Z,135523,6950,Jun
36,Bdday Vlog !!!,2022-06-18T01:15:01Z,174263,9196,Jun
37,What's Cooking ???? Oshin Sitaula | Nepal.Food |,2022-06-16T04:16:19Z,208719,8081,Jun
38,| FEELING CUTE | Might Delete Later,2022-06-13T14:27:02Z,199958,12074,Jun
39,| Tinjure | TVS Travel Diaries 2022,2022-06-10T12:15:02Z,160392,10370,Jun
40,| TMJ Vlog | TVS Travel Diaries Teaser |,2022-06-07T10:19:09Z,60166,4387,Jun
41,| TUBE GAU | Shirkhauli Sain | WEST 22 | Ep 3,2022-06-06T13:36:49Z,128565,9744,Jun
42,| EVEREST with FAMILY ‚ù§Ô∏è | Fishtail Air Helicopters,2022-05-31T13:00:21Z,409893,20161,May
43,| Ajaymerukot | Dadeldhura | WEST 22,2022-05-10T15:00:00Z,232760,15105,May
44,| Shuklaphanta National Park | West 22 | Ep 1,2022-05-06T14:15:12Z,355880,26692,May
45,| BOXING DAY | March 8th ft. Shashank Thapa,2022-03-12T12:15:02Z,52003,3726,Mar
46,| Shey Phoksundo Trek | Sisan Baniya | Paradygm |,2022-02-21T13:15:12Z,630827,30337,Feb
47,| Memorizing A Deck of Cards |,2021-12-13T15:15:42Z,121276,7392,Dec
48,| EXAMS again| Book Gara,2021-12-06T14:45:46Z,142243,8986,Dec
49,| New Office | Part 1,2021-11-29T13:28:15Z,201808,10319,Nov
50,| Rafting In Bagmati |,2021-11-22T15:24:31Z,234884,17616,Nov
51,|  Traffic Sitaram Hachhethu's Story |,2021-11-19T13:15:02Z,123195,8793,Nov
52,| Yoga Trip |,2021-10-24T12:15:01Z,91397,5674,Oct
53,| Typical Nepali Influencer Marketing | KREATIF |,2021-10-21T01:36:30Z,197188,12484,Oct
54,| Changa Vlog 2021 | ft. Nabin K Bhattarai |,2021-10-12T01:15:01Z,177743,11256,Oct
55,| Pablo Didi Birthday |,2021-10-11T11:15:03Z,96036,7618,Oct
56,| Dharan- Food and Fun |,2021-10-07T02:15:04Z,214965,12019,Oct
57,| Tiny Steps Forward |,2021-10-06T12:27:30Z,101038,7620,Oct
58,| Experiencing Ilam Weather | EAST VLOGS 2021 |,2021-10-05T03:27:49Z,146652,10283,Oct
59,| Ilam Chiya Vlog | EAST VLOGS 2021 |,2021-10-03T12:15:02Z,149006,10696,Oct
60,| Koshi Tapu | EAST VLOGS 2021|,2021-10-02T12:18:26Z,131477,9632,Oct
61,| Life around RARA LAKE | RARA 2021 | Day 5,2021-09-30T15:18:07Z,260061,18765,Sep
62,| Volunteering for Nepal Traffic Police  |,2021-09-29T15:15:00Z,150261,15501,Sep
63,| We reached the Lake | RARA 2021 | Day 3,2021-09-22T13:02:05Z,315700,19240,Sep
64,| Change of Plans | RARA 2021 | Day 2,2021-09-19T13:31:21Z,263940,15001,Sep
65,| How do Helicopter Offices Function ??  |  RARA 2021 | Day 1,2021-09-18T13:59:12Z,225429,14224,Sep
66,| Trying out Boudhha Food | ft TECHMAX,2021-09-17T13:22:21Z,305896,16768,Sep
67,| Rara 2021 | Teaser,2021-09-16T15:42:28Z,104268,11664,Sep
68,| Flooded |,2021-09-16T01:15:00Z,225432,18186,Sep
69,| PHOENIX COLLEGE RETREAT | ft. Paras Khadka,2021-09-01T15:15:01Z,285744,17447,Sep
70,| We Turned into CARTOONS |,2021-08-27T11:39:54Z,338580,21327,Aug
71,| CYCLE EXPO NEPAL | 2021,2021-08-23T16:25:56Z,202610,12309,Aug
72,| Chisapani | Ride Vlogs,2021-08-12T12:15:01Z,193626,12946,Aug
73,| Baucha Maicha Wedding | jhyap vlog,2021-08-09T19:09:43Z,434791,22283,Aug
74,| Clarity |,2021-08-05T12:15:05Z,206339,15845,Aug
75,| THABANG | The burnt Village,2021-08-04T12:48:23Z,218731,20291,Aug
76,| How smart are Government School Students ????? | DANG,2021-08-03T14:45:00Z,277001,22070,Aug
77,| HUTUTUTUTUTUTU VLOG |,2021-07-30T12:59:24Z,391190,26177,Jul
78,| Lakuri Bhanjyang | RIDE VLOG,2021-07-25T14:24:19Z,763386,38906,Jul
79,A Surprise for Myself ft. Snehila,2021-07-23T13:41:31Z,149273,11529,Jul
80,Shooting Arrows and Speaker Shopping,2021-07-19T12:15:01Z,161180,9226,Jul
81,| Little Things ‚úåÔ∏è |,2021-07-02T12:30:02Z,384694,24123,Jul
82,| BWAP 2021 first site visit | Namrata Shrestha,2021-06-25T12:59:37Z,266729,17172,Jun
83,| Exam Vlog | Masters at @phoenixcollege,2021-06-17T12:04:39Z,338724,19669,Jun
84,| Kathmandu - Tanje | Ride Vlog | Lamjung Honey Hunt ep. 1,2021-05-21T12:04:51Z,195020,10480,May
85,| NEPALGUNJ | West Nepal,2021-05-19T12:45:04Z,167127,9906,May
86,| TIHAR 2020 | purano vlog tara ramailo chha,2021-05-11T14:26:33Z,142102,8891,May
87,| Cloud Ride | ft. Manish Maharjan & KaltBiker| RIDE VLOG,2021-05-10T17:15:01Z,129194,7983,May
88,| Nepal's biggest Football League Begins |,2021-04-28T13:15:01Z,199168,14117,Apr
89,| Cricket Vlog | BHAIRAHAWA | ft. Paras Khadka,2021-04-23T11:15:00Z,168263,12001,Apr
90,| Sports Day with Prisoner's Assistance Nepal |,2021-04-20T14:08:09Z,118387,9524,Apr
91,| Cycling around Koshi Tapu | Part 2,2021-04-18T12:03:09Z,118028,6697,Apr
92,| Cycling around Koshi Tapu | Part 1,2021-04-07T13:06:50Z,163911,8307,Apr
93,"| Softwarica College visit with Binayak , Baneed & Robin |",2021-04-06T01:24:42Z,369526,19399,Apr
94,| PANDU VS UNIQ | HOLI 2021|,2021-04-05T01:15:01Z,331513,16007,Apr
95,| Tiger Reloaded | West Nepal | Episode 13 |,2021-03-30T15:36:48Z,128664,8179,Mar
96,| HOLI VLOG  | WEST NEPAL EPISODE 12,2021-03-27T15:13:50Z,176863,9813,Mar
97,| CAP HUNT | WEST NEPAL | EPISODE 11,2021-03-27T00:15:01Z,88012,5182,Mar
98,| KAILALI BORDER | WEST NEPAL | EPISODE 10,2021-03-25T15:11:23Z,86982,5436,Mar
99,| HEADING TO FAR WEST | WEST NEPAL | EPISODE 9,2021-03-24T14:07:21Z,80812,5142,Mar
100,| KHATIYA VLOG ?? |  DALLA HOME STAY | WEST NEPAL | EPISODE 8,2021-03-24T02:59:32Z,116316,6850,Mar
101,| KERA VLOG | Tikapur  | WEST NEPAL | EPISODE 7,2021-03-22T13:41:26Z,125258,6810,Mar
102,| CAKE FACE PLANT | Paradygm Office,2021-03-21T15:04:39Z,108087,5952,Mar
103,Karnali Rafting  | WEST NEPAL | EPISODE 6,2021-03-18T14:20:48Z,116760,6966,Mar
104,| HATTISAR SUNSET | WEST NEPAL | EPISODE 5,2021-03-16T12:11:14Z,98443,6077,Mar
105,| SHOOTING BLACKBUCKS | WEST NEPAL | EPISODE 4,2021-03-14T11:15:00Z,122790,6428,Mar
106,| TIGERS FIGHTING | WEST NEPAL | EPISODE 3,2021-03-12T11:15:00Z,269047,15593,Mar
107,| BUTWAL-BARDIYA | WEST NEPAL | EPISODE 2,2021-03-11T12:15:00Z,199426,11061,Mar
108,| Nepali Farmer's Market Tour | UTPALA,2021-03-10T11:15:01Z,310926,13771,Mar
109,| To The Mountains | Manang on Scooter |  Yamaha RayZR,2021-03-09T11:15:01Z,578309,28385,Mar
110,| Miss HARVARD 2021 |,2021-03-08T14:03:56Z,654270,46473,Mar
111,| 500k SURPRISE |,2021-03-07T14:41:57Z,556960,35184,Mar
112,| To the Mountains | Yamaha RayZR Teaser |,2021-03-04T03:00:57Z,105520,7886,Mar
113,| Back to RiverSide | PLAN B,2021-03-04T02:36:05Z,134024,8731,Mar
114,| Sickest Camera EVER | Samsung S21 Unboxing & Impressions |,2021-02-28T14:39:57Z,104422,7316,Feb
115,| Begnas Trip | PLAN B,2021-02-18T14:49:28Z,253891,14617,Feb
116,| Pokhara Trip | PLAN B,2021-02-12T11:30:59Z,272154,17248,Feb
117,|  SIRUBARI  |  Part 2  | PLAN B,2021-02-09T11:15:03Z,319796,19518,Feb
118,|  SIRUBARI  | Part 1 | Plan B,2021-02-08T11:15:03Z,215990,12616,Feb
119,| Panchase Vlog | PLAN B,2021-02-06T11:15:00Z,218727,13829,Feb
120,| Kathmandu to Panchase | PLAN B,2021-02-04T11:15:01Z,298674,19699,Feb
121,| Gearing UP | SWITCHBACK Nepal |,2021-02-03T14:21:58Z,121680,7121,Feb
122,| Upgrading to Sony a7siii | 16-35 GM 2.8,2021-01-29T12:08:19Z,132974,7478,Jan
123,| Pandu‚Äôs New Office |,2021-01-19T01:15:02Z,448468,24103,Jan
124,Movie Night in Jungle | Hattiban Camping and Cycling Vlog |,2021-01-17T13:36:04Z,304894,17513,Jan
125,| QUARANTINE VLOG !! | Paradygm TV |,2021-01-16T14:52:31Z,211269,11962,Jan
126,| Maghe Sangranti | Chaku Vlog | Kathmandu |,2021-01-15T03:06:01Z,183212,15014,Jan
127,| Out for some Awesome YOMARIS |,2021-01-12T13:15:01Z,135635,10916,Jan
128,| Baucha Returns to PARADYGM | BlackMagic 6k |,2021-01-07T13:15:00Z,214073,12654,Jan
129,Visit to NJK Studio | Mr. Brownie | Rebirth,2021-01-05T11:50:49Z,288517,21593,Jan
130,| Above the clouds | Ichhyakamana to Manungkot |,2021-01-01T15:12:44Z,334539,26159,Jan
131,| ABOVE THE CLOUDS | Teaser |,2020-12-25T14:12:17Z,68759,7054,Dec
132,| Dasain Vlog 2020| Changa Vlog | Corona Dasain |,2020-10-29T12:15:03Z,240711,13460,Oct
133,| Nuwakot Vlog Part 2 | Mailung Waterfall | Rasuwa |,2020-10-23T05:39:19Z,324444,15548,Oct
134,| Nuwakot Vlog Part 1 | Suryagadhi,2020-10-15T16:21:03Z,440825,19428,Oct
135,| Nuwakot - Rasuwa Trip Teaser  |  Chasing Waterfalls  |,2020-10-11T14:21:57Z,141019,8774,Oct
136,| Marble Dada | Awesome Place near Kathmandu |,2020-10-04T13:15:04Z,210187,10010,Oct
137,| Teendhare Jharana | AWESOME SATURDAYS |  Bahubali Jharana,2020-10-02T14:15:00Z,476964,25147,Oct
138,| Anu's Got his New Bike | RIDE VLOGS |,2020-09-26T01:15:00Z,149770,8571,Sep
139,| Best Laptop We've Ever Used | Asus Zenbook Pro Duo |,2020-09-24T15:15:03Z,111889,6083,Sep
140,| Pilot Baba | Awesome Saturdays | Yamaha Fascino |,2020-09-23T15:03:22Z,380932,18768,Sep
141,| Sound Healing | Nepal | Art and Music Mela,2020-09-22T13:53:02Z,123055,9897,Sep
142,| My Neighbor is a Celebrity ??? | Musical Vlog |,2020-09-21T15:10:16Z,206980,15141,Sep
143,|| OH Rome | Italy | Europe 2019 ||,2020-08-07T13:00:10Z,147469,7695,Aug
144,|| A day in Barcelona | Europe 2019 ||,2020-08-06T13:15:02Z,332406,17749,Aug
145,"|| Beach Life | GRAN CANARIA, SPAIN | Scuba | Europe 2019 ||",2020-08-03T13:30:01Z,213142,8799,Aug
146,|| Meeting my Cousins | PARIS to GRAN CANARIA | Europe 2019 ||,2020-08-02T14:15:01Z,207282,9364,Aug
147,| ACTION FOR ALL | 15 Products to BUY from Daraz |,2020-07-26T15:54:54Z,93630,4415,Jul
148,|| We get separated | Sikum's Workplace | Europe 2019 ||,2020-07-23T14:45:00Z,314262,14330,Jul
149,| Looking for a new ride | TVS Nepal | Paradygm |,2020-07-21T14:30:06Z,264391,13901,Jul
150,|| SWITZERLAND | Europe 2019 ||,2020-07-19T13:15:00Z,607325,24780,Jul
151,|| AUSTRIA | Vienna | Europe 2019 |,2020-07-17T13:15:01Z,151101,8866,Jul
152,| Gokyo Ice Skating | Highest Altitude Ice Hockey Game Ever,2020-07-14T14:15:04Z,609473,34990,Jul
153,| 6 Ways to Make Coffee at Home | Coffee Basics |  Nepali,2020-07-13T13:27:20Z,78801,5312,Jul
154,| About the Protest Tomorrow | Maitighar Mandala,2020-06-12T14:43:55Z,124622,11024,Jun
155,| Baluwatar Protest | Message To Our Leaders |,2020-06-10T13:20:18Z,304353,34733,Jun
156,| Trying to get back to Normal |,2020-06-06T01:15:03Z,119135,8949,Jun
157,| Divided We Fall |,2020-05-23T05:50:51Z,233515,20088,May
158,| My Earthquake Story | Sisan Baniya,2020-04-28T12:46:36Z,194731,16283,Apr
159,| What Next ? | Corona Updates Nepal | Podcast,2020-04-20T01:09:45Z,193602,12799,Apr
160,| My Crazy Family | Lockdown | NEPAL | Sisan Baniya,2020-04-14T01:15:02Z,411367,16608,Apr
161,| Greatest Gift Ever | ft. Vikal Prajapati,2020-04-11T13:15:00Z,86949,9054,Apr
162,Manang | ice climbing festival | Day 2,2020-04-09T13:15:00Z,126887,6183,Apr
163,| HERO X PULSE | In-Depth Review,2020-04-08T13:15:02Z,144432,6667,Apr
164,| Dharan Run 2020 | Inspirations everywhere | Nepal,2020-04-07T15:48:21Z,255039,14189,Apr
165,| Last Day Before Lockdown | Family Vlog |,2020-04-03T12:36:27Z,223355,9297,Apr
166,| Traveling with Nepali Musicians | ft The Elements x Sushant Ghimire,2020-03-31T01:15:00Z,186798,7683,Mar
167,| Jholey‚Äôs FPV crashed | Day 1 | MANANG ICE CLIMBING VLOGS |,2020-03-26T13:22:16Z,229760,10981,Mar
168,| Nepali Influencers Speak About Corona and Quarantine | Part 2,2020-03-26T01:15:00Z,244486,6684,Mar
169,| It's HERE !!! | Coronavirus Update Nepal | Sisan Baniya,2020-03-25T10:57:48Z,150952,7498,Mar
170,| Nepali Influencers Speak About Corona and Quarantine | Part 1,2020-03-25T01:15:00Z,115403,3905,Mar
171,| Corona Covid-19 Virus | Nepal Updates | Sisan Baniya,2020-03-22T09:21:11Z,480861,25699,Mar
172,| Paradygm Tries Boxing | Gymkhana |,2020-03-05T14:44:12Z,116985,4650,Mar
173,| Czech Republic | Prague | Europe 2019 |,2020-03-04T13:39:13Z,106263,5730,Mar
174,Manang Teaser,2020-03-01T14:57:32Z,136123,10322,Mar
175,|  Berlin | Germany Vlog | Europe 2019,2020-02-27T12:09:32Z,408363,14753,Feb
176,Brussels to Amsterdam | Europe 2019,2020-02-21T11:45:00Z,331382,13606,Feb
177,| Belgium - Brussels |  Europe 2019 |,2020-02-13T12:15:00Z,202760,7872,Feb
178,| Meeting Sikum In Paris | Day 2 |  Europe 2019 |,2020-02-07T13:15:01Z,223506,7969,Feb
179,| Tour de France | Day 1|  Europe 2019 |,2020-02-06T13:15:01Z,197112,8508,Feb
180,| Mero Aakhama Nepal Competition Winners | Hongshi Cement |,2020-02-05T12:15:00Z,137166,5419,Feb
181,| Made In Nepal Products 2020 |,2020-01-27T12:30:03Z,478150,18328,Jan
182,| Bull Fight in Nepal | Taruka Village | Nuwakot |,2020-01-22T12:15:00Z,161547,7859,Jan
183,| RIDING IN SNOW | MANANG |,2020-01-20T12:15:00Z,420565,18999,Jan
184,| One Day in a Classroom | Teach For Nepal |  LAMJUNG |,2020-01-19T12:15:00Z,225470,11223,Jan
185,| Skiing at Kalinchowk |,2020-01-16T13:08:03Z,546655,25609,Jan
186,| TECHMAX | Most Worth It Gadgets | Ft Milan Rai Moon,2020-01-12T13:52:06Z,129942,5902,Jan
187,| New Year Eve | Pokhara |,2020-01-07T14:55:42Z,447828,18938,Jan
188,| Visit Nepal 2020 | Opening Ceremony |,2020-01-02T12:18:23Z,231127,15964,Jan
189,| GymKhana Muay Thai Fight Night II | Lord of Drinks |,2019-12-30T15:36:38Z,115631,6018,Dec
190,| Visit to Solsing | BWAP Celebration |,2019-12-24T12:00:05Z,161051,10200,Dec
191,| PARADYGM RETREAT TO KURINTAR |,2019-12-23T13:15:01Z,164357,6569,Dec
192,| The Proposal | ft. Kenal. Sudhir,2019-12-22T14:34:29Z,216179,12947,Dec
193,Yatri Motorcycle Reveal | Kagbeni - Mustang | Part 2,2019-12-19T13:15:00Z,459479,22071,Dec
194,Mustang ft. Yatri | KTM to Kagbeni | Part 1,2019-12-17T15:43:58Z,367797,12445,Dec
195,| Makwanpur | Places to visit in Hetauda |,2019-12-09T14:15:30Z,327162,14426,Dec
196,| The Annapurna Experience | ABC Trek |,2019-12-05T13:15:18Z,1243701,34120,Dec
197,| KHUMBU VLOG | EVEREST  |  MISS NEPAL 2019  INTRODUCTION VIDEO | BTS  | ANUSHKA SHRESTHA |,2019-12-03T12:45:01Z,405513,17101,Dec
198,| 13th SAF GAMES KATHMANDU | AERIAL SHOTS |,2019-12-02T00:15:00Z,252991,12302,Dec
199,| Solsing Vlog | BWAP  2019 Part 2 | Miss Nepal 2019 | Anushka Shrestha |,2019-11-30T16:45:14Z,395474,24952,Nov
200,| Riding To Solsing | BWAP 2019 Part 1 | Miss Nepal 2019 | Anushka Shrestha |,2019-11-28T15:54:23Z,254721,12547,Nov
201,| JANAKPUR | CHHAT VLOG | Shrinkhala Birthday,2019-11-25T14:03:47Z,634632,27060,Nov
202,| The Annapurna Experience | ABC Trek | Teaser,2019-11-24T11:33:39Z,74321,5266,Nov
203,"| TECH REVIEW - SONY ACCESSORIES , IPHONE 11 PRO MAX & TECHMAX |",2019-11-19T13:15:01Z,291350,13839,Nov
204,| Beginner Vlog | Cycling around Bungmati/Khokana |,2019-11-15T01:15:02Z,196408,8310,Nov
205,| Riding Bullet Bike Around Pokhara |,2019-11-11T13:15:00Z,274367,11985,Nov
206,|  Tihar  Vlog  2019  |   ft Jholey . Manish Maharjan,2019-11-03T08:12:42Z,232291,14103,Nov
207,| BACK TO RIDING |,2019-10-21T13:15:01Z,158489,7036,Oct
208,| TIKA VLOG | DASHAMI 2019 |,2019-10-13T15:21:38Z,227487,9494,Oct
209,| CHANGA VLOG | 2nd Year | Dasain 2019,2019-10-09T12:54:08Z,236742,7527,Oct
210,| KHASI VLOG | DASAIN 2019,2019-10-08T14:38:20Z,228245,10166,Oct
211,| Nijgadh Vlog | ft. Vikki & Baneed |,2019-09-24T14:15:01Z,149818,6678,Sep
212,| What's In My Camera  Bag ? | 2019 | Switched to Sony |,2019-09-22T14:15:00Z,90855,4175,Sep
213,| Last Vlog From Chamonix | FRANCE day 6 | EUROPE 2019,2019-09-21T14:15:00Z,151181,5674,Sep
214,| CHAMONIX Mountain Practice Day | FRANCE day 5 | EUROPE 2019,2019-09-16T17:29:53Z,174562,6701,Sep
215,NADA Auto Show || 2019 || Nepal,2019-09-13T14:40:05Z,252493,6953,Sep
216,| CHAMONIX | FRANCE day 4 | EUROPE 2019,2019-09-12T15:17:50Z,253830,10954,Sep
217,| SNEAKERS SHOPPING WORTH Rs.100000 |  COMPLEX STYLE | LABELS NEPAL |,2019-09-11T15:25:28Z,372785,10411,Sep
218,| FIRE HAIRCUT fT. JHOLEY BHAI | DEEVAN |,2019-09-10T14:57:12Z,430753,15008,Sep
219,| Old Vlog | Roaming Around Basantapur |,2019-09-09T14:03:22Z,160460,6052,Sep
220,| GENEVA | SWITZERLAND day 3 | EUROPE 2019,2019-09-02T11:44:39Z,233099,11309,Sep
221,| ISTANBUL | TURKEY day 2 | EUROPE 2019,2019-08-08T13:15:02Z,338901,15900,Aug
222,"| Pokhara Vlog | Guitar Shop Opening | ft. The Elements, Chetan Vlogs, The Wayfarers & Team Paradygm",2019-08-05T13:15:00Z,241177,10266,Aug
223,| Training Before Climbing Mont Blanc & Tasting Sherpa Food |,2019-07-29T13:31:36Z,329766,12135,Jul
224,| ISTANBUL | TURKEY |  Europe 2019,2019-07-21T12:41:31Z,411905,17663,Jul
225,| A Day Before Our Tour | Bye Bye Nepal |,2019-07-18T14:18:25Z,342164,11709,Jul
226,| Unboxing My Girlfriend | Revealing ‚ò∫,2019-07-10T14:41:31Z,180290,12369,Jul
227,| Surprise Gift for Dad |,2019-07-08T11:59:08Z,254505,9976,Jul
228,| Rock Climbing In Nepal  | Bimalnagar | TVS Travel Series #3,2019-07-05T15:19:23Z,174223,9079,Jul
229,| Random Vlog | Kakarbhitta | Nepal - India Border,2019-07-03T02:26:37Z,179349,7715,Jul
230,| Another Long Vlog | Appa Movie Premiere |,2019-06-30T12:58:16Z,307827,11212,Jun
231,| Darjeeling | The Queen of hills |,2019-06-28T12:30:04Z,499611,19340,Jun
232,| Last Day at Kalimpong |,2019-06-24T13:15:01Z,330022,15256,Jun
233,"| Kalimpong Day 3 | Delo Park, Supermaket |",2019-06-19T14:15:01Z,300970,13974,Jun
234,| Kalimpong Day 2 | ft. Bipul Chettri n Appa Movie Makers,2019-06-17T01:15:02Z,606882,25045,Jun
235,| A Long Day | 1 hour vlog,2019-06-16T01:15:01Z,254953,7385,Jun
236,| Sath Sadhaiko | Short Film Making Competition,2019-06-14T13:30:59Z,78666,4111,Jun
237,| Meme Nepal & Bir Bikram 2 |,2019-06-13T19:30:08Z,146241,7929,Jun
238,| Kathmandu to Kalimpong |,2019-06-12T14:43:49Z,282945,10680,Jun
239,| NimsDai | Project Possible ft. Madesire,2019-06-10T18:01:30Z,333028,21489,Jun
240,| PARADYGM Recruits | TRAVIS RESTAURANT |,2019-06-03T13:15:00Z,169972,6379,Jun
241,|  Kathmandu Youth Conclave 2019 |,2019-05-21T12:07:23Z,102308,7391,May
242,||| Birthday Vlog 2019 ||| big 30,2019-05-19T19:29:49Z,291678,13945,May
243,| HOSPITAL VLOG | SPINE SURGERY | NEPAL |,2019-05-16T13:15:00Z,422036,15844,May
244,| A SMALL ANNOUNCEMENT | SAATH SADHAIKO - SHORT FILM COMPETITION |,2019-04-25T15:32:48Z,79195,4730,Apr
245,| PHOTOKIPA -  SMALLEST DRONE | ft. The Wayfarers |,2019-04-11T14:15:01Z,170108,7600,Apr
246,| WEST NEPAL | EPISODE 1,2019-03-15T14:53:43Z,415864,21161,Mar
247,"| MEETING NEPALI TRAVELERS | ft. HONEYGUIDE, GHUMANTE",2019-02-04T14:44:27Z,89452,3468,Feb
248,| BUTWAL 2019 |  GUITAR SHOP STORE  OPENING | ft Chetan VLogs |,2019-01-28T16:21:26Z,116864,5052,Jan
249,| KTM - BUTWAL 2019 | ft Chetan VLogs | GUITAR SHOP,2019-01-25T13:15:00Z,160635,7028,Jan
250,| MY FIRST MOVIE EXPERIENCE | ANAAGAT |,2019-01-24T18:11:29Z,98657,4223,Jan
251,| ANNOUNCEMENT FOR MUSICIANS | ft. Mantra Guitars,2019-01-15T13:21:15Z,122317,6060,Jan
252,| Blanket Distribution | COMING TOGETHER | ft Shrinkhala Khatiwada,2019-01-04T03:31:35Z,386867,27883,Jan
253,| 2018 YEAR REVIEW | Sisan Baniya,2018-12-31T15:16:49Z,111216,5499,Dec
254,"| Pokhara 2018 | Day 4 | ft. Lurey Rohit, Milan Thapa, Neeraj Pun, Darshan",2018-12-23T13:00:01Z,191585,8637,Dec
255,| Pokhara 2018 | Day 2 | ft. Sydney Gurung | NEWMEW |,2018-12-19T13:15:00Z,225191,7918,Dec
256,Hustle Up - Sisan Baniya X Darshan Pokhrel,2018-12-14T14:07:21Z,115921,6124,Dec
257,| POKHARA 2018 | Day 1,2018-12-13T05:58:56Z,74168,3857,Dec
258,| FUTSAL FOR CHARITY | ft. THAMES COLLEGE,2018-12-09T16:39:42Z,69902,3629,Dec
259,| Almost Done | FLYING 180kgs of Clothes with Prabhu Helicopters,2018-12-08T07:06:53Z,98780,6943,Dec
260,| 6000 Kilos Collected | Thank you All!!,2018-12-03T14:47:42Z,90052,6530,Dec
261,| SUSHI FOR CHARITY | Octave Kathmandu,2018-11-27T16:14:02Z,119022,6518,Nov
262,| GOSAIKUNDA Vlog | Shrinkhala Khatiwada Intro BTS ft Abin x Manish x Ajay,2018-11-21T15:33:45Z,1318896,61922,Nov
263,| Tihar Vlog 2018 | ft. Abin Bho & Shrinkhala Khatiwada,2018-11-13T06:38:35Z,1017787,35715,Nov
264,| CHEPANG |  ft. Miss Nepal 2018 Shrinkhala Khatiwada | BWAP Extented,2018-11-04T00:56:43Z,1388933,82979,Nov
265,| CHUMLINGTAR | Siddhartha Resort | ft . Saman Shrestha,2018-11-02T15:28:57Z,80203,3340,Nov
266,| DASHAMI | TIKA DAY | Dasain 2018,2018-10-24T07:05:34Z,87635,4024,Oct
267,| Empty Roads | in Dasain 2018 ft. Mr. Foodie,2018-10-19T12:09:59Z,175514,6119,Oct
268,| Family Newari Lunch | Dasain 2018,2018-10-18T07:36:10Z,343917,9132,Oct
269,"| Changa Vlog | ft. Shrinkhala Khatiwada, Mr. Foodie Nepal | Dasain 2018",2018-10-17T09:06:29Z,721166,20949,Oct
270,| POKHARA DAY TOUR | NEWMEW STORE OPENING |,2018-10-10T16:58:15Z,63912,2936,Oct
271,| EATING A SCORPION | THAILAND VLOGS 2018 | EPISODE 6,2018-10-10T13:29:04Z,122556,4305,Oct
272,| THE BANGKOK SHOPPING MALLS | THAILAND VLOGS 2018 | Episode 5,2018-10-08T16:50:59Z,99778,3320,Oct
273,| GRAND PALACE AND CRUISE | THAILAND VLOGS 2018 | Episode 4,2018-10-04T06:30:52Z,187622,6302,Oct
274,| NIGHT BUNGY IN NEPAL | THE LAST RESORT | TVS Travel Series #2,2018-10-02T13:42:38Z,218995,7879,Oct
275,| HUA HIN BEACH ft. PUSHPA BASNET | THAILAND VLOGS 2018 | Episode 3,2018-09-28T20:47:40Z,110624,4761,Sep
276,| FLOATING MARKET | AMPHAWA | THAILAND VLOGS 2018 | Episode 2,2018-09-26T16:23:37Z,166868,5547,Sep
277,| KTM - BANGKOK |  THAILAND 2018 VLOGS | Episode 1,2018-09-24T13:15:00Z,88173,4280,Sep
278,| KIDNAPPED |,2018-08-20T13:38:14Z,70988,4140,Aug
279,| Getting Coffee Schooled |,2018-08-06T18:14:24Z,59142,2794,Aug
280,| WORKING OUT WITH SUSHANT PRADHAN | a full day vlog,2018-08-06T01:15:00Z,85116,3700,Aug
281,| Kora 2018 | ft. Survivors Nepal,2018-07-31T01:15:01Z,95475,4601,Jul
282,| Paradygm's New Wall Art | ft. MACHA | Silver Play Buttons | Gifts,2018-07-24T01:15:00Z,94935,5286,Jul
283,| Birthday VLog 2018 | Bardia to Surkhet | WEST NEPAL,2018-07-03T01:15:00Z,174498,8062,Jul
284,| A day at Palpa | WEST NEPAL,2018-07-01T16:30:00Z,190718,7804,Jul
285,| We are Off |,2018-06-07T16:56:51Z,104020,5066,Jun
286,| free food + RC | Awesome Saturdays,2018-05-15T23:27:37Z,113664,7321,May
287,| Level UP ft. Darshan Pokharel |,2018-05-06T13:11:52Z,132117,7519,May
288,| Recording with Chetan Vlogs |,2018-05-01T16:19:01Z,110522,5985,May
289,| Buddha Jayanti | testing the 1dx,2018-04-30T17:17:06Z,99143,5381,Apr
290,| Going to Its My Show | ft Neetesh Jung Kunwar & Suraj Singh Thakuri,2018-04-28T16:53:42Z,537461,18081,Apr
291,| LAKE PHEWA |  Vlogumentary | Pokhara Vlogs,2018-04-24T16:23:39Z,119677,6666,Apr
292,||| HELI |||,2018-04-16T17:51:07Z,127906,9250,Apr
293,| Newari Food l | Kirtipur | TVS FOOD VLOGS #2,2018-04-12T14:13:17Z,347626,13153,Apr
294,| First Air Jordans | + DOG UPDATE,2018-04-12T00:15:01Z,126463,5026,Apr
295,|  My dog is getting old :(,2018-04-10T14:36:02Z,83012,4142,Apr
296,| Introducing the Toli | ft. Neetesh/Paradygm Team,2018-04-02T17:23:02Z,104908,4925,Apr
297,| I have been Climbing |,2018-03-31T01:15:00Z,70053,3608,Mar
298,| ANNOUNCEMENT | 28th March 2018,2018-03-28T09:06:27Z,54754,3751,Mar
299,|  NUMBERS  |,2018-03-18T15:40:46Z,77290,5982,Mar
300,| ZHIYUN CRANE 2  | Camera Stabilizer Overview |,2018-03-08T12:45:00Z,83994,5110,Mar
301,| HOLI IN NEPAL |,2018-03-03T17:08:58Z,178806,8062,Mar
302,| Kakani Rainbow Trout | ft. Priyanka Karki | TVS FOOD VLOGS,2018-02-26T13:46:40Z,460940,13308,Feb
303,| Celebrating with Nepal Cricket Team |,2018-02-23T12:44:20Z,75660,5814,Feb
304,| UPDATE VLOG |,2018-02-14T15:50:01Z,59436,4367,Feb
305,| NEW NewMew Store |,2018-02-11T14:28:17Z,77489,3411,Feb
306,| NAMOBUDDHA | family trip,2018-01-18T13:15:00Z,133628,5871,Jan
307,||  GWARAMARI  || Crunchy Nepali Snack,2018-01-12T14:49:59Z,155022,5968,Jan
308,| WHISKEY VIDEO |,2018-01-08T19:59:48Z,211896,7193,Jan
309,|  Return on the Daily Vids  |,2018-01-03T15:39:51Z,72676,3918,Jan
310,| My 2017 Review |,2017-12-31T01:15:00Z,81149,5477,Dec
311,| Tootle RIder for a day |,2017-12-29T03:28:41Z,211588,7458,Dec
312,|  HATTIBAN  |   Awesome Saturdays,2017-12-24T01:15:00Z,162502,7860,Dec
313,|  Making a Commercial |,2017-12-23T01:15:02Z,49609,3063,Dec
314,)  SAMMY TRADERS  unboxing  (,2017-12-10T15:09:38Z,69036,3544,Dec
315,|  MEET MILAN THAPA |,2017-11-27T13:44:44Z,155153,6728,Nov
316,|  Screamin DAMAULI  | Manungkot,2017-11-26T10:44:53Z,223089,9449,Nov
317,|  Building a 4K PC |,2017-11-24T17:34:29Z,201774,8345,Nov
318,|  SINDHULI GADHI  |  TVS Travel Series#1,2017-11-15T09:46:43Z,535698,18109,Nov
319,|  Whats In My Bag ?  |,2017-11-06T05:15:59Z,130690,5784,Nov
320,"|  50,000 |",2017-11-05T11:51:27Z,51596,4000,Nov
321,„Ää„Ää‚ñ™‚ñ™   TOOTLE ???  ‚ñ™‚ñ™„Äã„Äã,2017-10-29T23:02:58Z,105936,4766,Oct
322,|  TIHAR 2074  |,2017-10-26T16:24:25Z,167917,6020,Oct
323,|  NEW SPONSOR ???????  |,2017-10-22T16:16:41Z,59288,4020,Oct
324,| White house | Awesome Saturdays |,2017-10-13T09:05:46Z,770439,22974,Oct
325,| DHARAN | Dasain Vlog 2017 | Bhedetar,2017-10-09T06:36:39Z,312079,10459,Oct
326,| HAPPY DASAIN 2017 |,2017-09-28T18:32:31Z,34243,1907,Sep
327,| Distinguished Gentleman's Ride | Kathmandu 2017 ft. RAJESH HAMAL,2017-09-25T15:44:29Z,608612,14677,Sep
328,|  TRAVEL VIDEO COMPETITION  | Nepal Tourism Board | HONEYGUIDE,2017-09-18T20:55:03Z,140781,3175,Sep
329,| Best BARA in Bhaktapur |,2017-09-17T18:20:54Z,100883,3228,Sep
330,| StoryYellers Anniversary |,2017-09-13T23:26:14Z,50687,2047,Sep
331,|| PARADYGM ||,2017-09-07T13:50:25Z,84836,3871,Sep
332,| MEETING DAY |,2017-08-16T18:18:07Z,55848,2849,Aug
333,| FLAG MAN HAS HIS SAY |  ft. Neetesh Jung Kunwar,2017-08-10T23:06:36Z,52605,2813,Aug
334,|   MY PRODUCTION TEAM   |  Graphic Design Nepal,2017-08-06T12:32:36Z,97816,3308,Aug
335,"|  COMING TOGETHER  |  ft. amrit karki, kichhy & sushant pradhan",2017-08-05T11:51:15Z,81268,3104,Aug
336,|   Sisan Baniya  RAW   |   ep. 056,2017-08-02T09:41:03Z,78291,5404,Aug
337,|| WEST NEPAL PROMO ||  #travelnepal,2017-07-21T15:44:03Z,789371,31638,Jul
338,|  deUbA   .   deUbA  |,2017-07-12T12:05:15Z,77991,3005,Jul
339,| Be Daami |,2017-07-09T20:54:41Z,81849,3476,Jul
340,| Next Video With You Guys |,2017-07-06T22:30:41Z,67792,2737,Jul
341,| MUD FEST  | ropai in nepal,2017-07-03T15:48:40Z,81209,3434,Jul
342,"| ""GORKHA"" LAND IN INDIA ?? |",2017-06-28T08:04:21Z,38724,2990,Jun
343,|| 50 ||  q&A,2017-06-26T01:48:25Z,75327,3307,Jun
344,|  BIRTHDAY VLOG  |,2017-06-13T19:05:56Z,143768,4729,Jun
345,| AADHA LOVE |  my first movie gets released,2017-06-10T18:24:14Z,124494,3516,Jun
346,| back to Kathmandu |  =  dhulomandu - hilomandu - wastemandu - maskmandu - dhuwamandu,2017-05-28T20:25:15Z,72670,3574,May
347,|  TESKA BAAJE  |  POKHARA VLOGS,2017-04-10T13:56:57Z,129399,4693,Apr
348,| RAINY LAKESIDE |  POKHARA VLOGS,2017-04-08T03:06:03Z,105262,2827,Apr
349,|  DAHAL BHAAT  with CHAMERO  |   POKHARA VLOGS,2017-04-03T15:37:33Z,96843,2747,Apr
350,| Drone = Gone | POKHARA VLOGS,2017-03-31T15:29:51Z,106087,2119,Mar
351,|  First day  |   POKHARA VLOGS,2017-03-22T05:19:15Z,163305,4603,Mar
352,|  Marpha - Pokhara  |,2017-02-24T17:24:14Z,68187,2412,Feb
353,when bae is workaholic,2017-02-23T13:08:09Z,30026,1396,Feb
354,| Marpha | Lower Mustang,2017-02-22T16:59:37Z,67975,2188,Feb
355,"| Kobang, Larjung, Khanti |  Lower Mustang",2017-02-14T12:23:50Z,124312,3931,Feb
356,|  Ktm - Lower Mustang bike trip  |,2017-01-22T02:16:21Z,153267,3079,Jan
357,|  It has just started  |  2017,2017-01-16T05:03:49Z,70152,2562,Jan
358,‚Äπ‚Äπ‚Ä∫‚Ä∫ the new scooter in town ‚Äπ‚Äπ‚Ä∫‚Ä∫ SYM FIDDLE 3 ‚Äπ‚Ä∫ first look + ukaalo test,2016-12-24T09:27:47Z,59746,1236,Dec
359,AN ANNCOUNCEMENT  !!!!!!!!!   wtf !!!! unbox videos ???,2016-12-24T09:17:48Z,13995,623,Dec
360,‚Äπ‚Äπ‚Ä∫‚Ä∫  unboxing n full review  ‚Äπ‚Äπ‚Ä∫‚Ä∫   BRAVEN BRV-PRO,2016-12-20T19:02:53Z,44155,1856,Dec
361,"| SURYACHAUR | infovid, ads",2016-12-14T19:52:50Z,81544,2654,Dec
362,"| Wassup ?? | engaged, CG, #what the fuzz challenge, drones, GIVEAWAYS!!!",2016-12-13T21:09:16Z,20263,1010,Dec
363,| KTM-SURYACHAUR |,2016-12-10T18:22:32Z,41349,991,Dec
364,| butwal - ktm | aaloo chop,2016-12-01T22:59:31Z,98970,2235,Dec
365,| WORLD's LARGEST THANGKA | wedding @ butwal,2016-11-30T12:49:05Z,101988,3486,Nov
366,|   AaamaMAamaAmaa!!!!   |,2016-11-26T01:15:24Z,180063,3647,Nov
367,| ktm - butwal on a motorbike |,2016-11-24T09:41:48Z,130603,2302,Nov
368,||     I QUIT     ||,2016-11-22T18:40:51Z,41522,1692,Nov
369,| Upload More!!! | boudha renovated,2016-11-21T16:47:35Z,44934,1537,Nov
370,| cycling to Markhu |,2016-11-19T08:57:14Z,68402,1735,Nov
371,|  TIHAR HOLIDAYS  |,2016-11-04T04:30:23Z,69829,2226,Nov
372,APSARA,2016-10-01T08:17:55Z,72653,2521,Oct
373,The Best Pen Pineapple Apple Pen Dance !,2016-09-25T21:26:26Z,46076,694,Sep
374,| Why Indrajatra ??? |,2016-09-13T05:52:09Z,91947,2476,Sep
375,| The Polaroid Shoot |,2016-09-01T16:54:10Z,372133,5205,Sep
376,Dad's reaction,2016-08-29T11:23:21Z,354731,13830,Aug
377,|  Fill the Van  | Part 1,2016-08-24T01:17:23Z,110278,4251,Aug
378,|  Just a Teaser  |,2016-08-16T16:14:09Z,39901,1984,Aug
379,|| I Missed The Helicopter ||,2016-08-09T03:23:53Z,297351,7376,Aug
380,|| Manish ||,2016-08-07T15:33:19Z,79199,4266,Aug
381,| Sh#t Happened |,2016-08-01T15:32:49Z,244000,7213,Aug
382,chinya chhas ?,2016-07-31T07:17:06Z,45786,1312,Jul
383,| HELI RIDE | infovid,2016-07-30T17:16:39Z,34265,1024,Jul
384,warm love,2016-07-24T00:14:37Z,49436,1921,Jul
385,Nepali Song Troll,2016-07-22T16:04:40Z,49446,1203,Jul
386,When u have no BAE,2016-07-20T15:25:31Z,40012,1316,Jul
387,| The King's Speech |,2016-07-20T09:17:04Z,57438,1221,Jul
388,|  Did Kriti Steal BOB ??  |,2016-07-19T18:29:12Z,46731,1457,Jul
389,everytime i try covering a song,2016-07-15T10:30:36Z,72579,2475,Jul
390,Titanium cover - Paramita RL Rana & Aakriti Rana,2016-07-14T13:11:28Z,147199,3688,Jul
391,long hair expectations vs reality,2016-07-12T15:26:36Z,71344,1899,Jul
392,when the refrigerator is trolled,2016-07-11T12:47:58Z,45467,1599,Jul
393,| Actor's Association |,2016-06-28T19:13:46Z,43345,1368,Jun
394,| SUIRENI |  infovid,2016-06-26T17:44:46Z,58180,1717,Jun
395,You Need Me I Dont Need You Cover - ED SHEERAN | Neetesh Kunwar |,2016-06-21T22:02:19Z,38792,2136,Jun
396,||   THE LEAP  ||,2016-06-19T18:32:32Z,73456,3019,Jun
397,wrong jam,2016-05-08T19:28:21Z,60395,2029,May
398,thug mom,2016-05-07T03:10:07Z,76209,2643,May
399,Major Multitasking,2016-05-04T12:25:17Z,66462,2031,May
400,On my way - Thug life,2016-05-01T10:15:31Z,86914,2911,May
401,|  Guffai Ta Ho  |,2016-04-12T19:16:09Z,125238,4274,Apr
402,| VISIT NEPAL 2016 ??? |,2016-04-11T03:37:07Z,35555,1541,Apr
403,|| The Langtang Trek || Promo,2016-04-05T15:59:11Z,80625,2755,Apr
404,| Bicycle VS Motorbike | Kathmandu,2016-03-21T16:01:40Z,55497,1974,Mar
405,floor scrub,2016-01-31T16:27:52Z,57549,805,Jan
406,winter nightmare,2016-01-31T16:23:02Z,54948,741,Jan
407,beginner photographer's stoy,2016-01-31T16:15:07Z,59153,1051,Jan
408,bikers got no fuel - india blockades nepal,2016-01-31T15:26:30Z,50430,684,Jan
409,the rockstar,2016-01-31T15:25:41Z,56798,1117,Jan
410,| No petrol Yes Problem |,2015-10-26T04:59:29Z,55951,2367,Oct
411,|| Little things ||,2015-09-12T07:06:58Z,122251,8841,Sep
412,When ur not in her sight,2015-09-11T07:23:12Z,67883,927,Sep
413,That friend,2015-09-10T03:10:53Z,72860,1514,Sep
414,| Overlooking The Old Gun |,2015-09-06T15:54:04Z,55990,1925,Sep
415,fashion photography - Behind the scenes with Kishor Kayastha,2013-08-25T07:24:52Z,37970,733,Aug
416,professor eggie. nepali short. (talking egg animation/ stop motion) award winning,2012-01-12T16:53:14Z,29200,876,Jan
417,disco jacket end of loadshedding in nepal. check out how!,2009-07-06T15:11:02Z,97191,2198,Jul
418,On my way - Thug life,2016-05-01T10:15:31Z,86914,2911,May
419,|  Guffai Ta Ho  |,2016-04-12T19:16:09Z,125238,4274,Apr
420,| VISIT NEPAL 2016 ??? |,2016-04-11T03:37:07Z,35555,1541,Apr
421,|| The Langtang Trek || Promo,2016-04-05T15:59:11Z,80625,2755,Apr
422,| Bicycle VS Motorbike | Kathmandu,2016-03-21T16:01:40Z,55497,1974,Mar
423,floor scrub,2016-01-31T16:27:52Z,57549,805,Jan
424,winter nightmare,2016-01-31T16:23:02Z,54948,741,Jan
425,beginner photographer's stoy,2016-01-31T16:15:07Z,59153,1051,Jan
426,bikers got no fuel - india blockades nepal,2016-01-31T15:26:30Z,50430,684,Jan
427,the rockstar,2016-01-31T15:25:41Z,56798,1117,Jan
428,| No petrol Yes Problem |,2015-10-26T04:59:29Z,55951,2367,Oct
429,|| Little things ||,2015-09-12T07:06:58Z,122251,8841,Sep
430,When ur not in her sight,2015-09-11T07:23:12Z,67883,927,Sep
431,That friend,2015-09-10T03:10:53Z,72860,1514,Sep
432,| Overlooking The Old Gun |,2015-09-06T15:54:04Z,55990,1925,Sep
433,fashion photography - Behind the scenes with Kishor Kayastha,2013-08-25T07:24:52Z,37970,733,Aug
434,professor eggie. nepali short. (talking egg animation/ stop motion) award winning,2012-01-12T16:53:14Z,29200,876,Jan
435,disco jacket end of loadshedding in nepal. check out how!,2009-07-06T15:11:02Z,97191,2198,Jul
